Dataset,Model,Epoch,Train Accuracy,Val Accuracy,Train Loss,Val Loss,Layer,Activation Ratio,Neuron Count,Active Count
FashionMNIST,784=>512=>256=>128=>64=>10,1,0.7972166666666667,0.8492,0.5506952768449844,0.4278129849843918,1,0.4346,512,222.52
FashionMNIST,784=>512=>256=>128=>64=>10,1,0.7972166666666667,0.8492,0.5506952768449844,0.4278129849843918,2,0.4538,256,116.18
FashionMNIST,784=>512=>256=>128=>64=>10,1,0.7972166666666667,0.8492,0.5506952768449844,0.4278129849843918,3,0.5678,128,72.68
FashionMNIST,784=>512=>256=>128=>64=>10,1,0.7972166666666667,0.8492,0.5506952768449844,0.4278129849843918,4,0.5702,64,36.49
FashionMNIST,784=>512=>256=>128=>64=>10,1,0.7972166666666667,0.8492,0.5506952768449844,0.4278129849843918,5,0.4249,10,4.25
FashionMNIST,784=>512=>256=>128=>64=>10,2,0.8608666666666667,0.8632,0.37885462889856875,0.3859021503264737,1,0.2669,512,136.64
FashionMNIST,784=>512=>256=>128=>64=>10,2,0.8608666666666667,0.8632,0.37885462889856875,0.3859021503264737,2,0.3652,256,93.48
FashionMNIST,784=>512=>256=>128=>64=>10,2,0.8608666666666667,0.8632,0.37885462889856875,0.3859021503264737,3,0.5006,128,64.07
FashionMNIST,784=>512=>256=>128=>64=>10,2,0.8608666666666667,0.8632,0.37885462889856875,0.3859021503264737,4,0.535,64,34.24
FashionMNIST,784=>512=>256=>128=>64=>10,2,0.8608666666666667,0.8632,0.37885462889856875,0.3859021503264737,5,0.3175,10,3.18
FashionMNIST,784=>512=>256=>128=>64=>10,3,0.8760833333333333,0.871,0.3364152993236396,0.36637606077892765,1,0.2089,512,106.96
FashionMNIST,784=>512=>256=>128=>64=>10,3,0.8760833333333333,0.871,0.3364152993236396,0.36637606077892765,2,0.3229,256,82.65
FashionMNIST,784=>512=>256=>128=>64=>10,3,0.8760833333333333,0.871,0.3364152993236396,0.36637606077892765,3,0.4514,128,57.78
FashionMNIST,784=>512=>256=>128=>64=>10,3,0.8760833333333333,0.871,0.3364152993236396,0.36637606077892765,4,0.5069,64,32.44
FashionMNIST,784=>512=>256=>128=>64=>10,3,0.8760833333333333,0.871,0.3364152993236396,0.36637606077892765,5,0.2872,10,2.87
FashionMNIST,784=>512=>256=>128=>64=>10,4,0.8851333333333333,0.8708,0.3098316422498811,0.36109780790699514,1,0.1708,512,87.46
FashionMNIST,784=>512=>256=>128=>64=>10,4,0.8851333333333333,0.8708,0.3098316422498811,0.36109780790699514,2,0.2938,256,75.22
FashionMNIST,784=>512=>256=>128=>64=>10,4,0.8851333333333333,0.8708,0.3098316422498811,0.36109780790699514,3,0.4228,128,54.12
FashionMNIST,784=>512=>256=>128=>64=>10,4,0.8851333333333333,0.8708,0.3098316422498811,0.36109780790699514,4,0.4774,64,30.55
FashionMNIST,784=>512=>256=>128=>64=>10,4,0.8851333333333333,0.8708,0.3098316422498811,0.36109780790699514,5,0.2666,10,2.67
FashionMNIST,784=>512=>256=>128=>64=>10,5,0.8919,0.874,0.29202808021927185,0.34758264414823736,1,0.1492,512,76.39
FashionMNIST,784=>512=>256=>128=>64=>10,5,0.8919,0.874,0.29202808021927185,0.34758264414823736,2,0.2723,256,69.72
FashionMNIST,784=>512=>256=>128=>64=>10,5,0.8919,0.874,0.29202808021927185,0.34758264414823736,3,0.3943,128,50.47
FashionMNIST,784=>512=>256=>128=>64=>10,5,0.8919,0.874,0.29202808021927185,0.34758264414823736,4,0.4585,64,29.34
FashionMNIST,784=>512=>256=>128=>64=>10,5,0.8919,0.874,0.29202808021927185,0.34758264414823736,5,0.2549,10,2.55
FashionMNIST,784=>512=>256=>128=>64=>10,6,0.8980333333333334,0.872,0.27533750955674696,0.36066550196735725,1,0.1333,512,68.27
FashionMNIST,784=>512=>256=>128=>64=>10,6,0.8980333333333334,0.872,0.27533750955674696,0.36066550196735725,2,0.2635,256,67.45
FashionMNIST,784=>512=>256=>128=>64=>10,6,0.8980333333333334,0.872,0.27533750955674696,0.36066550196735725,3,0.3784,128,48.43
FashionMNIST,784=>512=>256=>128=>64=>10,6,0.8980333333333334,0.872,0.27533750955674696,0.36066550196735725,4,0.4419,64,28.28
FashionMNIST,784=>512=>256=>128=>64=>10,6,0.8980333333333334,0.872,0.27533750955674696,0.36066550196735725,5,0.2427,10,2.43
FashionMNIST,784=>512=>256=>128=>64=>10,7,0.9013,0.8847,0.262410790494669,0.3291611774427116,1,0.1238,512,63.37
FashionMNIST,784=>512=>256=>128=>64=>10,7,0.9013,0.8847,0.262410790494669,0.3291611774427116,2,0.2463,256,63.05
FashionMNIST,784=>512=>256=>128=>64=>10,7,0.9013,0.8847,0.262410790494669,0.3291611774427116,3,0.3589,128,45.95
FashionMNIST,784=>512=>256=>128=>64=>10,7,0.9013,0.8847,0.262410790494669,0.3291611774427116,4,0.42,64,26.88
FashionMNIST,784=>512=>256=>128=>64=>10,7,0.9013,0.8847,0.262410790494669,0.3291611774427116,5,0.2375,10,2.38
FashionMNIST,784=>512=>256=>128=>64=>10,8,0.9064333333333333,0.8838,0.2496513603394156,0.33738958123762897,1,0.1158,512,59.27
FashionMNIST,784=>512=>256=>128=>64=>10,8,0.9064333333333333,0.8838,0.2496513603394156,0.33738958123762897,2,0.2334,256,59.75
FashionMNIST,784=>512=>256=>128=>64=>10,8,0.9064333333333333,0.8838,0.2496513603394156,0.33738958123762897,3,0.3381,128,43.28
FashionMNIST,784=>512=>256=>128=>64=>10,8,0.9064333333333333,0.8838,0.2496513603394156,0.33738958123762897,4,0.3971,64,25.41
FashionMNIST,784=>512=>256=>128=>64=>10,8,0.9064333333333333,0.8838,0.2496513603394156,0.33738958123762897,5,0.2291,10,2.29
FashionMNIST,784=>512=>256=>128=>64=>10,9,0.9106666666666666,0.8816,0.23889487224029327,0.33727524372612594,1,0.1105,512,56.59
FashionMNIST,784=>512=>256=>128=>64=>10,9,0.9106666666666666,0.8816,0.23889487224029327,0.33727524372612594,2,0.2208,256,56.54
FashionMNIST,784=>512=>256=>128=>64=>10,9,0.9106666666666666,0.8816,0.23889487224029327,0.33727524372612594,3,0.3277,128,41.95
FashionMNIST,784=>512=>256=>128=>64=>10,9,0.9106666666666666,0.8816,0.23889487224029327,0.33727524372612594,4,0.3854,64,24.66
FashionMNIST,784=>512=>256=>128=>64=>10,9,0.9106666666666666,0.8816,0.23889487224029327,0.33727524372612594,5,0.2236,10,2.24
FashionMNIST,784=>512=>256=>128=>64=>10,10,0.9124666666666666,0.8815,0.23029408886282046,0.3343751713823361,1,0.1043,512,53.41
FashionMNIST,784=>512=>256=>128=>64=>10,10,0.9124666666666666,0.8815,0.23029408886282046,0.3343751713823361,2,0.2174,256,55.66
FashionMNIST,784=>512=>256=>128=>64=>10,10,0.9124666666666666,0.8815,0.23029408886282046,0.3343751713823361,3,0.3132,128,40.08
FashionMNIST,784=>512=>256=>128=>64=>10,10,0.9124666666666666,0.8815,0.23029408886282046,0.3343751713823361,4,0.3762,64,24.07
FashionMNIST,784=>512=>256=>128=>64=>10,10,0.9124666666666666,0.8815,0.23029408886282046,0.3343751713823361,5,0.2176,10,2.18
FashionMNIST,784=>512=>256=>128=>64=>10,11,0.9166666666666666,0.8863,0.22002814175572985,0.34889570504996426,1,0.1008,512,51.61
FashionMNIST,784=>512=>256=>128=>64=>10,11,0.9166666666666666,0.8863,0.22002814175572985,0.34889570504996426,2,0.2082,256,53.3
FashionMNIST,784=>512=>256=>128=>64=>10,11,0.9166666666666666,0.8863,0.22002814175572985,0.34889570504996426,3,0.3034,128,38.83
FashionMNIST,784=>512=>256=>128=>64=>10,11,0.9166666666666666,0.8863,0.22002814175572985,0.34889570504996426,4,0.3615,64,23.14
FashionMNIST,784=>512=>256=>128=>64=>10,11,0.9166666666666666,0.8863,0.22002814175572985,0.34889570504996426,5,0.2121,10,2.12
FashionMNIST,784=>512=>256=>128=>64=>10,12,0.92025,0.89,0.21322643957031306,0.3242918058850203,1,0.0986,512,50.46
FashionMNIST,784=>512=>256=>128=>64=>10,12,0.92025,0.89,0.21322643957031306,0.3242918058850203,2,0.2025,256,51.84
FashionMNIST,784=>512=>256=>128=>64=>10,12,0.92025,0.89,0.21322643957031306,0.3242918058850203,3,0.295,128,37.76
FashionMNIST,784=>512=>256=>128=>64=>10,12,0.92025,0.89,0.21322643957031306,0.3242918058850203,4,0.349,64,22.33
FashionMNIST,784=>512=>256=>128=>64=>10,12,0.92025,0.89,0.21322643957031306,0.3242918058850203,5,0.2102,10,2.1
FashionMNIST,784=>512=>256=>128=>64=>10,13,0.9213666666666667,0.8908,0.2066850945996895,0.3334754786104154,1,0.0946,512,48.46
FashionMNIST,784=>512=>256=>128=>64=>10,13,0.9213666666666667,0.8908,0.2066850945996895,0.3334754786104154,2,0.1994,256,51.04
FashionMNIST,784=>512=>256=>128=>64=>10,13,0.9213666666666667,0.8908,0.2066850945996895,0.3334754786104154,3,0.2813,128,36.01
FashionMNIST,784=>512=>256=>128=>64=>10,13,0.9213666666666667,0.8908,0.2066850945996895,0.3334754786104154,4,0.3424,64,21.91
FashionMNIST,784=>512=>256=>128=>64=>10,13,0.9213666666666667,0.8908,0.2066850945996895,0.3334754786104154,5,0.2065,10,2.07
FashionMNIST,784=>512=>256=>128=>64=>10,14,0.92535,0.8936,0.19935758686713825,0.3269768147521718,1,0.0919,512,47.04
FashionMNIST,784=>512=>256=>128=>64=>10,14,0.92535,0.8936,0.19935758686713825,0.3269768147521718,2,0.1975,256,50.57
FashionMNIST,784=>512=>256=>128=>64=>10,14,0.92535,0.8936,0.19935758686713825,0.3269768147521718,3,0.2704,128,34.62
FashionMNIST,784=>512=>256=>128=>64=>10,14,0.92535,0.8936,0.19935758686713825,0.3269768147521718,4,0.3345,64,21.41
FashionMNIST,784=>512=>256=>128=>64=>10,14,0.92535,0.8936,0.19935758686713825,0.3269768147521718,5,0.1988,10,1.99
FashionMNIST,784=>512=>256=>128=>64=>10,15,0.9279166666666666,0.8915,0.19202683726623496,0.3375785943049534,1,0.0912,512,46.69
FashionMNIST,784=>512=>256=>128=>64=>10,15,0.9279166666666666,0.8915,0.19202683726623496,0.3375785943049534,2,0.1955,256,50.04
FashionMNIST,784=>512=>256=>128=>64=>10,15,0.9279166666666666,0.8915,0.19202683726623496,0.3375785943049534,3,0.2657,128,34.01
FashionMNIST,784=>512=>256=>128=>64=>10,15,0.9279166666666666,0.8915,0.19202683726623496,0.3375785943049534,4,0.3281,64,21.0
FashionMNIST,784=>512=>256=>128=>64=>10,15,0.9279166666666666,0.8915,0.19202683726623496,0.3375785943049534,5,0.1966,10,1.97
FashionMNIST,784=>512=>256=>128=>64=>10,16,0.9288833333333333,0.8933,0.1870340375757929,0.33770958595215134,1,0.0892,512,45.69
FashionMNIST,784=>512=>256=>128=>64=>10,16,0.9288833333333333,0.8933,0.1870340375757929,0.33770958595215134,2,0.1902,256,48.7
FashionMNIST,784=>512=>256=>128=>64=>10,16,0.9288833333333333,0.8933,0.1870340375757929,0.33770958595215134,3,0.259,128,33.15
FashionMNIST,784=>512=>256=>128=>64=>10,16,0.9288833333333333,0.8933,0.1870340375757929,0.33770958595215134,4,0.3236,64,20.71
FashionMNIST,784=>512=>256=>128=>64=>10,16,0.9288833333333333,0.8933,0.1870340375757929,0.33770958595215134,5,0.1906,10,1.91
FashionMNIST,784=>512=>256=>128=>64=>10,17,0.9319333333333333,0.8864,0.1786127093869613,0.3525218413608849,1,0.0891,512,45.6
FashionMNIST,784=>512=>256=>128=>64=>10,17,0.9319333333333333,0.8864,0.1786127093869613,0.3525218413608849,2,0.1876,256,48.01
FashionMNIST,784=>512=>256=>128=>64=>10,17,0.9319333333333333,0.8864,0.1786127093869613,0.3525218413608849,3,0.2531,128,32.4
FashionMNIST,784=>512=>256=>128=>64=>10,17,0.9319333333333333,0.8864,0.1786127093869613,0.3525218413608849,4,0.3178,64,20.34
FashionMNIST,784=>512=>256=>128=>64=>10,17,0.9319333333333333,0.8864,0.1786127093869613,0.3525218413608849,5,0.1881,10,1.88
FashionMNIST,784=>512=>256=>128=>64=>10,18,0.933,0.8861,0.17341079235648804,0.3829467521066878,1,0.0894,512,45.75
FashionMNIST,784=>512=>256=>128=>64=>10,18,0.933,0.8861,0.17341079235648804,0.3829467521066878,2,0.186,256,47.61
FashionMNIST,784=>512=>256=>128=>64=>10,18,0.933,0.8861,0.17341079235648804,0.3829467521066878,3,0.2478,128,31.72
FashionMNIST,784=>512=>256=>128=>64=>10,18,0.933,0.8861,0.17341079235648804,0.3829467521066878,4,0.3011,64,19.27
FashionMNIST,784=>512=>256=>128=>64=>10,18,0.933,0.8861,0.17341079235648804,0.3829467521066878,5,0.1831,10,1.83
FashionMNIST,784=>512=>256=>128=>64=>10,19,0.9356,0.8957,0.16877742104534146,0.3418492166574594,1,0.0892,512,45.68
FashionMNIST,784=>512=>256=>128=>64=>10,19,0.9356,0.8957,0.16877742104534146,0.3418492166574594,2,0.1835,256,46.98
FashionMNIST,784=>512=>256=>128=>64=>10,19,0.9356,0.8957,0.16877742104534146,0.3418492166574594,3,0.2427,128,31.07
FashionMNIST,784=>512=>256=>128=>64=>10,19,0.9356,0.8957,0.16877742104534146,0.3418492166574594,4,0.2984,64,19.1
FashionMNIST,784=>512=>256=>128=>64=>10,19,0.9356,0.8957,0.16877742104534146,0.3418492166574594,5,0.1836,10,1.84
FashionMNIST,784=>512=>256=>128=>64=>10,20,0.9372833333333334,0.8949,0.16452607141136488,0.3621047466139125,1,0.0886,512,45.39
FashionMNIST,784=>512=>256=>128=>64=>10,20,0.9372833333333334,0.8949,0.16452607141136488,0.3621047466139125,2,0.1835,256,46.97
FashionMNIST,784=>512=>256=>128=>64=>10,20,0.9372833333333334,0.8949,0.16452607141136488,0.3621047466139125,3,0.2393,128,30.63
FashionMNIST,784=>512=>256=>128=>64=>10,20,0.9372833333333334,0.8949,0.16452607141136488,0.3621047466139125,4,0.2913,64,18.64
FashionMNIST,784=>512=>256=>128=>64=>10,20,0.9372833333333334,0.8949,0.16452607141136488,0.3621047466139125,5,0.1812,10,1.81
FashionMNIST,784=>256=>128=>64=>10,1,0.8012666666666667,0.8471,0.5531964216754635,0.4234299351265476,1,0.5423,256,138.82
FashionMNIST,784=>256=>128=>64=>10,1,0.8012666666666667,0.8471,0.5531964216754635,0.4234299351265476,2,0.5672,128,72.6
FashionMNIST,784=>256=>128=>64=>10,1,0.8012666666666667,0.8471,0.5531964216754635,0.4234299351265476,3,0.5964,64,38.17
FashionMNIST,784=>256=>128=>64=>10,1,0.8012666666666667,0.8471,0.5531964216754635,0.4234299351265476,4,0.3334,10,3.33
FashionMNIST,784=>256=>128=>64=>10,2,0.8615666666666667,0.8618,0.3785688529994442,0.38776237190149393,1,0.3954,256,101.22
FashionMNIST,784=>256=>128=>64=>10,2,0.8615666666666667,0.8618,0.3785688529994442,0.38776237190149393,2,0.5126,128,65.61
FashionMNIST,784=>256=>128=>64=>10,2,0.8615666666666667,0.8618,0.3785688529994442,0.38776237190149393,3,0.5634,64,36.06
FashionMNIST,784=>256=>128=>64=>10,2,0.8615666666666667,0.8618,0.3785688529994442,0.38776237190149393,4,0.2685,10,2.69
FashionMNIST,784=>256=>128=>64=>10,3,0.8753833333333333,0.8645,0.3392978778430648,0.37325222182805373,1,0.3202,256,81.96
FashionMNIST,784=>256=>128=>64=>10,3,0.8753833333333333,0.8645,0.3392978778430648,0.37325222182805373,2,0.4752,128,60.82
FashionMNIST,784=>256=>128=>64=>10,3,0.8753833333333333,0.8645,0.3392978778430648,0.37325222182805373,3,0.533,64,34.11
FashionMNIST,784=>256=>128=>64=>10,3,0.8753833333333333,0.8645,0.3392978778430648,0.37325222182805373,4,0.2528,10,2.53
FashionMNIST,784=>256=>128=>64=>10,4,0.8843666666666666,0.861,0.3129625227183167,0.3827495746741629,1,0.2737,256,70.08
FashionMNIST,784=>256=>128=>64=>10,4,0.8843666666666666,0.861,0.3129625227183167,0.3827495746741629,2,0.4482,128,57.37
FashionMNIST,784=>256=>128=>64=>10,4,0.8843666666666666,0.861,0.3129625227183167,0.3827495746741629,3,0.4996,64,31.97
FashionMNIST,784=>256=>128=>64=>10,4,0.8843666666666666,0.861,0.3129625227183167,0.3827495746741629,4,0.2448,10,2.45
FashionMNIST,784=>256=>128=>64=>10,5,0.8908666666666667,0.8742,0.29532445139531643,0.3458209231875505,1,0.2492,256,63.8
FashionMNIST,784=>256=>128=>64=>10,5,0.8908666666666667,0.8742,0.29532445139531643,0.3458209231875505,2,0.4266,128,54.61
FashionMNIST,784=>256=>128=>64=>10,5,0.8908666666666667,0.8742,0.29532445139531643,0.3458209231875505,3,0.4806,64,30.76
FashionMNIST,784=>256=>128=>64=>10,5,0.8908666666666667,0.8742,0.29532445139531643,0.3458209231875505,4,0.2407,10,2.41
FashionMNIST,784=>256=>128=>64=>10,6,0.8960333333333333,0.8802,0.28114695701676645,0.34148086047476267,1,0.2312,256,59.19
FashionMNIST,784=>256=>128=>64=>10,6,0.8960333333333333,0.8802,0.28114695701676645,0.34148086047476267,2,0.4026,128,51.53
FashionMNIST,784=>256=>128=>64=>10,6,0.8960333333333333,0.8802,0.28114695701676645,0.34148086047476267,3,0.4634,64,29.66
FashionMNIST,784=>256=>128=>64=>10,6,0.8960333333333333,0.8802,0.28114695701676645,0.34148086047476267,4,0.2326,10,2.33
FashionMNIST,784=>256=>128=>64=>10,7,0.9004666666666666,0.8785,0.26846872170422,0.3378835389758371,1,0.2066,256,52.9
FashionMNIST,784=>256=>128=>64=>10,7,0.9004666666666666,0.8785,0.26846872170422,0.3378835389758371,2,0.3809,128,48.76
FashionMNIST,784=>256=>128=>64=>10,7,0.9004666666666666,0.8785,0.26846872170422,0.3378835389758371,3,0.4586,64,29.35
FashionMNIST,784=>256=>128=>64=>10,7,0.9004666666666666,0.8785,0.26846872170422,0.3378835389758371,4,0.223,10,2.23
FashionMNIST,784=>256=>128=>64=>10,8,0.9045166666666666,0.8837,0.2553261998556316,0.3307166760609408,1,0.1988,256,50.89
FashionMNIST,784=>256=>128=>64=>10,8,0.9045166666666666,0.8837,0.2553261998556316,0.3307166760609408,2,0.3605,128,46.15
FashionMNIST,784=>256=>128=>64=>10,8,0.9045166666666666,0.8837,0.2553261998556316,0.3307166760609408,3,0.443,64,28.35
FashionMNIST,784=>256=>128=>64=>10,8,0.9045166666666666,0.8837,0.2553261998556316,0.3307166760609408,4,0.2173,10,2.17
FashionMNIST,784=>256=>128=>64=>10,9,0.90785,0.8816,0.24633726002628614,0.3357330195748123,1,0.1886,256,48.28
FashionMNIST,784=>256=>128=>64=>10,9,0.90785,0.8816,0.24633726002628614,0.3357330195748123,2,0.3483,128,44.59
FashionMNIST,784=>256=>128=>64=>10,9,0.90785,0.8816,0.24633726002628614,0.3357330195748123,3,0.4321,64,27.65
FashionMNIST,784=>256=>128=>64=>10,9,0.90785,0.8816,0.24633726002628614,0.3357330195748123,4,0.2137,10,2.14
FashionMNIST,784=>256=>128=>64=>10,10,0.91185,0.8872,0.2351003388312262,0.34035686617064626,1,0.1794,256,45.93
FashionMNIST,784=>256=>128=>64=>10,10,0.91185,0.8872,0.2351003388312262,0.34035686617064626,2,0.3374,128,43.19
FashionMNIST,784=>256=>128=>64=>10,10,0.91185,0.8872,0.2351003388312262,0.34035686617064626,3,0.4289,64,27.45
FashionMNIST,784=>256=>128=>64=>10,10,0.91185,0.8872,0.2351003388312262,0.34035686617064626,4,0.2074,10,2.07
FashionMNIST,784=>256=>128=>64=>10,11,0.9134833333333333,0.8851,0.22964949465827392,0.3342151055290441,1,0.1729,256,44.26
FashionMNIST,784=>256=>128=>64=>10,11,0.9134833333333333,0.8851,0.22964949465827392,0.3342151055290441,2,0.3264,128,41.78
FashionMNIST,784=>256=>128=>64=>10,11,0.9134833333333333,0.8851,0.22964949465827392,0.3342151055290441,3,0.4214,64,26.97
FashionMNIST,784=>256=>128=>64=>10,11,0.9134833333333333,0.8851,0.22964949465827392,0.3342151055290441,4,0.2005,10,2.01
FashionMNIST,784=>256=>128=>64=>10,12,0.9167833333333333,0.8884,0.21883525540516066,0.3249664059869803,1,0.1673,256,42.82
FashionMNIST,784=>256=>128=>64=>10,12,0.9167833333333333,0.8884,0.21883525540516066,0.3249664059869803,2,0.3207,128,41.05
FashionMNIST,784=>256=>128=>64=>10,12,0.9167833333333333,0.8884,0.21883525540516066,0.3249664059869803,3,0.4162,64,26.64
FashionMNIST,784=>256=>128=>64=>10,12,0.9167833333333333,0.8884,0.21883525540516066,0.3249664059869803,4,0.1965,10,1.96
FashionMNIST,784=>256=>128=>64=>10,13,0.9202,0.8867,0.2109283946438639,0.3589828418223721,1,0.1668,256,42.7
FashionMNIST,784=>256=>128=>64=>10,13,0.9202,0.8867,0.2109283946438639,0.3589828418223721,2,0.314,128,40.19
FashionMNIST,784=>256=>128=>64=>10,13,0.9202,0.8867,0.2109283946438639,0.3589828418223721,3,0.4138,64,26.48
FashionMNIST,784=>256=>128=>64=>10,13,0.9202,0.8867,0.2109283946438639,0.3589828418223721,4,0.1913,10,1.91
FashionMNIST,784=>256=>128=>64=>10,14,0.9225666666666666,0.8838,0.2044940385768917,0.366030992453645,1,0.1626,256,41.62
FashionMNIST,784=>256=>128=>64=>10,14,0.9225666666666666,0.8838,0.2044940385768917,0.366030992453645,2,0.3077,128,39.38
FashionMNIST,784=>256=>128=>64=>10,14,0.9225666666666666,0.8838,0.2044940385768917,0.366030992453645,3,0.4065,64,26.01
FashionMNIST,784=>256=>128=>64=>10,14,0.9225666666666666,0.8838,0.2044940385768917,0.366030992453645,4,0.1908,10,1.91
FashionMNIST,784=>256=>128=>64=>10,15,0.9249833333333334,0.8868,0.19725223035732312,0.34312154478423157,1,0.1619,256,41.45
FashionMNIST,784=>256=>128=>64=>10,15,0.9249833333333334,0.8868,0.19725223035732312,0.34312154478423157,2,0.3,128,38.39
FashionMNIST,784=>256=>128=>64=>10,15,0.9249833333333334,0.8868,0.19725223035732312,0.34312154478423157,3,0.4015,64,25.69
FashionMNIST,784=>256=>128=>64=>10,15,0.9249833333333334,0.8868,0.19725223035732312,0.34312154478423157,4,0.188,10,1.88
FashionMNIST,784=>256=>128=>64=>10,16,0.9264833333333333,0.8864,0.19271447859815696,0.3598511275022652,1,0.1589,256,40.67
FashionMNIST,784=>256=>128=>64=>10,16,0.9264833333333333,0.8864,0.19271447859815696,0.3598511275022652,2,0.3002,128,38.42
FashionMNIST,784=>256=>128=>64=>10,16,0.9264833333333333,0.8864,0.19271447859815696,0.3598511275022652,3,0.3987,64,25.52
FashionMNIST,784=>256=>128=>64=>10,16,0.9264833333333333,0.8864,0.19271447859815696,0.3598511275022652,4,0.1834,10,1.83
FashionMNIST,784=>256=>128=>64=>10,17,0.92925,0.8907,0.18625437852336782,0.35779844974256625,1,0.1577,256,40.38
FashionMNIST,784=>256=>128=>64=>10,17,0.92925,0.8907,0.18625437852336782,0.35779844974256625,2,0.2948,128,37.73
FashionMNIST,784=>256=>128=>64=>10,17,0.92925,0.8907,0.18625437852336782,0.35779844974256625,3,0.3911,64,25.03
FashionMNIST,784=>256=>128=>64=>10,17,0.92925,0.8907,0.18625437852336782,0.35779844974256625,4,0.1851,10,1.85
FashionMNIST,784=>256=>128=>64=>10,18,0.93145,0.8876,0.17701527689978766,0.3704717519936288,1,0.1594,256,40.8
FashionMNIST,784=>256=>128=>64=>10,18,0.93145,0.8876,0.17701527689978766,0.3704717519936288,2,0.29,128,37.12
FashionMNIST,784=>256=>128=>64=>10,18,0.93145,0.8876,0.17701527689978766,0.3704717519936288,3,0.3887,64,24.88
FashionMNIST,784=>256=>128=>64=>10,18,0.93145,0.8876,0.17701527689978766,0.3704717519936288,4,0.1816,10,1.82
FashionMNIST,784=>256=>128=>64=>10,19,0.9330166666666667,0.8856,0.17445007815504315,0.3886737468990551,1,0.1556,256,39.83
FashionMNIST,784=>256=>128=>64=>10,19,0.9330166666666667,0.8856,0.17445007815504315,0.3886737468990551,2,0.288,128,36.86
FashionMNIST,784=>256=>128=>64=>10,19,0.9330166666666667,0.8856,0.17445007815504315,0.3886737468990551,3,0.386,64,24.71
FashionMNIST,784=>256=>128=>64=>10,19,0.9330166666666667,0.8856,0.17445007815504315,0.3886737468990551,4,0.1786,10,1.79
FashionMNIST,784=>256=>128=>64=>10,20,0.9360333333333334,0.8925,0.16714246099246843,0.36117629976765175,1,0.1524,256,39.02
FashionMNIST,784=>256=>128=>64=>10,20,0.9360333333333334,0.8925,0.16714246099246843,0.36117629976765175,2,0.2834,128,36.28
FashionMNIST,784=>256=>128=>64=>10,20,0.9360333333333334,0.8925,0.16714246099246843,0.36117629976765175,3,0.3813,64,24.4
FashionMNIST,784=>256=>128=>64=>10,20,0.9360333333333334,0.8925,0.16714246099246843,0.36117629976765175,4,0.1732,10,1.73
FashionMNIST,784=>128=>64=>10,1,0.8023666666666667,0.8418,0.5592284995927486,0.4445195602383583,1,0.6184,128,79.16
FashionMNIST,784=>128=>64=>10,1,0.8023666666666667,0.8418,0.5592284995927486,0.4445195602383583,2,0.6318,64,40.43
FashionMNIST,784=>128=>64=>10,1,0.8023666666666667,0.8418,0.5592284995927486,0.4445195602383583,3,0.4053,10,4.05
FashionMNIST,784=>128=>64=>10,2,0.8593666666666666,0.8516,0.3864051923552937,0.40826838449308067,1,0.5118,128,65.51
FashionMNIST,784=>128=>64=>10,2,0.8593666666666666,0.8516,0.3864051923552937,0.40826838449308067,2,0.6057,64,38.76
FashionMNIST,784=>128=>64=>10,2,0.8593666666666666,0.8516,0.3864051923552937,0.40826838449308067,3,0.3119,10,3.12
FashionMNIST,784=>128=>64=>10,3,0.8740333333333333,0.8611,0.34557997100928955,0.3770994132111786,1,0.4603,128,58.92
FashionMNIST,784=>128=>64=>10,3,0.8740333333333333,0.8611,0.34557997100928955,0.3770994132111786,2,0.5916,64,37.86
FashionMNIST,784=>128=>64=>10,3,0.8740333333333333,0.8611,0.34557997100928955,0.3770994132111786,3,0.27,10,2.7
FashionMNIST,784=>128=>64=>10,4,0.88195,0.8686,0.32197935373258235,0.3616044941791304,1,0.4173,128,53.41
FashionMNIST,784=>128=>64=>10,4,0.88195,0.8686,0.32197935373258235,0.3616044941791304,2,0.5657,64,36.21
FashionMNIST,784=>128=>64=>10,4,0.88195,0.8686,0.32197935373258235,0.3616044941791304,3,0.2573,10,2.57
FashionMNIST,784=>128=>64=>10,5,0.8881833333333333,0.8776,0.30421222420707184,0.33763174361484066,1,0.393,128,50.31
FashionMNIST,784=>128=>64=>10,5,0.8881833333333333,0.8776,0.30421222420707184,0.33763174361484066,2,0.5507,64,35.24
FashionMNIST,784=>128=>64=>10,5,0.8881833333333333,0.8776,0.30421222420707184,0.33763174361484066,3,0.244,10,2.44
FashionMNIST,784=>128=>64=>10,6,0.8923666666666666,0.8806,0.28902242370029246,0.3389571174314827,1,0.3797,128,48.61
FashionMNIST,784=>128=>64=>10,6,0.8923666666666666,0.8806,0.28902242370029246,0.3389571174314827,2,0.5313,64,34.01
FashionMNIST,784=>128=>64=>10,6,0.8923666666666666,0.8806,0.28902242370029246,0.3389571174314827,3,0.2393,10,2.39
FashionMNIST,784=>128=>64=>10,7,0.8980666666666667,0.8799,0.276204890192254,0.3442414233069511,1,0.3679,128,47.09
FashionMNIST,784=>128=>64=>10,7,0.8980666666666667,0.8799,0.276204890192254,0.3442414233069511,2,0.5219,64,33.4
FashionMNIST,784=>128=>64=>10,7,0.8980666666666667,0.8799,0.276204890192254,0.3442414233069511,3,0.2359,10,2.36
FashionMNIST,784=>128=>64=>10,8,0.9019,0.8781,0.26452932180340355,0.34607052413900946,1,0.3545,128,45.37
FashionMNIST,784=>128=>64=>10,8,0.9019,0.8781,0.26452932180340355,0.34607052413900946,2,0.5095,64,32.61
FashionMNIST,784=>128=>64=>10,8,0.9019,0.8781,0.26452932180340355,0.34607052413900946,3,0.2248,10,2.25
FashionMNIST,784=>128=>64=>10,9,0.9031833333333333,0.8758,0.256789705034957,0.3376869991136964,1,0.341,128,43.64
FashionMNIST,784=>128=>64=>10,9,0.9031833333333333,0.8758,0.256789705034957,0.3376869991136964,2,0.4966,64,31.78
FashionMNIST,784=>128=>64=>10,9,0.9031833333333333,0.8758,0.256789705034957,0.3376869991136964,3,0.2207,10,2.21
FashionMNIST,784=>128=>64=>10,10,0.9076166666666666,0.8732,0.2479724967991238,0.3627632624784093,1,0.3369,128,43.12
FashionMNIST,784=>128=>64=>10,10,0.9076166666666666,0.8732,0.2479724967991238,0.3627632624784093,2,0.487,64,31.17
FashionMNIST,784=>128=>64=>10,10,0.9076166666666666,0.8732,0.2479724967991238,0.3627632624784093,3,0.2145,10,2.14
FashionMNIST,784=>128=>64=>10,11,0.9108833333333334,0.8803,0.23962001761457305,0.3442262255462112,1,0.3287,128,42.08
FashionMNIST,784=>128=>64=>10,11,0.9108833333333334,0.8803,0.23962001761457305,0.3442262255462112,2,0.4773,64,30.55
FashionMNIST,784=>128=>64=>10,11,0.9108833333333334,0.8803,0.23962001761457305,0.3442262255462112,3,0.2133,10,2.13
FashionMNIST,784=>128=>64=>10,12,0.9125833333333333,0.8861,0.2294609976777517,0.33189032810508823,1,0.3189,128,40.82
FashionMNIST,784=>128=>64=>10,12,0.9125833333333333,0.8861,0.2294609976777517,0.33189032810508823,2,0.4778,64,30.58
FashionMNIST,784=>128=>64=>10,12,0.9125833333333333,0.8861,0.2294609976777517,0.33189032810508823,3,0.2086,10,2.09
FashionMNIST,784=>128=>64=>10,13,0.91575,0.8872,0.2231980267999523,0.33341653317592707,1,0.3138,128,40.17
FashionMNIST,784=>128=>64=>10,13,0.91575,0.8872,0.2231980267999523,0.33341653317592707,2,0.4642,64,29.71
FashionMNIST,784=>128=>64=>10,13,0.91575,0.8872,0.2231980267999523,0.33341653317592707,3,0.2052,10,2.05
FashionMNIST,784=>128=>64=>10,14,0.9179166666666667,0.8828,0.21711934961950474,0.33357690013707825,1,0.3067,128,39.25
FashionMNIST,784=>128=>64=>10,14,0.9179166666666667,0.8828,0.21711934961950474,0.33357690013707825,2,0.4604,64,29.46
FashionMNIST,784=>128=>64=>10,14,0.9179166666666667,0.8828,0.21711934961950474,0.33357690013707825,3,0.1986,10,1.99
FashionMNIST,784=>128=>64=>10,15,0.9212333333333333,0.8902,0.2081039364991793,0.3179283570142309,1,0.3029,128,38.77
FashionMNIST,784=>128=>64=>10,15,0.9212333333333333,0.8902,0.2081039364991793,0.3179283570142309,2,0.4556,64,29.16
FashionMNIST,784=>128=>64=>10,15,0.9212333333333333,0.8902,0.2081039364991793,0.3179283570142309,3,0.1969,10,1.97
FashionMNIST,784=>128=>64=>10,16,0.9225,0.894,0.20264375337691448,0.3251355426136855,1,0.3019,128,38.65
FashionMNIST,784=>128=>64=>10,16,0.9225,0.894,0.20264375337691448,0.3251355426136855,2,0.4518,64,28.92
FashionMNIST,784=>128=>64=>10,16,0.9225,0.894,0.20264375337691448,0.3251355426136855,3,0.1941,10,1.94
FashionMNIST,784=>128=>64=>10,17,0.9256333333333333,0.8917,0.19689166455714305,0.3358917420457123,1,0.2962,128,37.91
FashionMNIST,784=>128=>64=>10,17,0.9256333333333333,0.8917,0.19689166455714305,0.3358917420457123,2,0.449,64,28.74
FashionMNIST,784=>128=>64=>10,17,0.9256333333333333,0.8917,0.19689166455714305,0.3358917420457123,3,0.191,10,1.91
FashionMNIST,784=>128=>64=>10,18,0.9266166666666666,0.8879,0.19292135803160002,0.33540872247165937,1,0.2967,128,37.98
FashionMNIST,784=>128=>64=>10,18,0.9266166666666666,0.8879,0.19292135803160002,0.33540872247165937,2,0.4496,64,28.78
FashionMNIST,784=>128=>64=>10,18,0.9266166666666666,0.8879,0.19292135803160002,0.33540872247165937,3,0.1901,10,1.9
FashionMNIST,784=>128=>64=>10,19,0.9298833333333333,0.8904,0.184504524167222,0.3409928125181016,1,0.2915,128,37.32
FashionMNIST,784=>128=>64=>10,19,0.9298833333333333,0.8904,0.184504524167222,0.3409928125181016,2,0.4455,64,28.51
FashionMNIST,784=>128=>64=>10,19,0.9298833333333333,0.8904,0.184504524167222,0.3409928125181016,3,0.1888,10,1.89
FashionMNIST,784=>128=>64=>10,20,0.93185,0.8806,0.18218917141694313,0.36201870356016097,1,0.2895,128,37.06
FashionMNIST,784=>128=>64=>10,20,0.93185,0.8806,0.18218917141694313,0.36201870356016097,2,0.4413,64,28.24
FashionMNIST,784=>128=>64=>10,20,0.93185,0.8806,0.18218917141694313,0.36201870356016097,3,0.1837,10,1.84
FashionMNIST,784=>512=>128=>10,1,0.81945,0.85,0.5050811454145385,0.41729388172459453,1,0.4675,512,239.34
FashionMNIST,784=>512=>128=>10,1,0.81945,0.85,0.5050811454145385,0.41729388172459453,2,0.536,128,68.61
FashionMNIST,784=>512=>128=>10,1,0.81945,0.85,0.5050811454145385,0.41729388172459453,3,0.3168,10,3.17
FashionMNIST,784=>512=>128=>10,2,0.86755,0.8683,0.3629439873640725,0.36433511981918554,1,0.3276,512,167.72
FashionMNIST,784=>512=>128=>10,2,0.86755,0.8683,0.3629439873640725,0.36433511981918554,2,0.4645,128,59.46
FashionMNIST,784=>512=>128=>10,2,0.86755,0.8683,0.3629439873640725,0.36433511981918554,3,0.2585,10,2.59
FashionMNIST,784=>512=>128=>10,3,0.8793333333333333,0.863,0.3251377634211644,0.37743356842903575,1,0.2624,512,134.34
FashionMNIST,784=>512=>128=>10,3,0.8793333333333333,0.863,0.3251377634211644,0.37743356842903575,2,0.4329,128,55.41
FashionMNIST,784=>512=>128=>10,3,0.8793333333333333,0.863,0.3251377634211644,0.37743356842903575,3,0.2402,10,2.4
FashionMNIST,784=>512=>128=>10,4,0.88865,0.8726,0.3003513123403226,0.3467706480793133,1,0.2184,512,111.82
FashionMNIST,784=>512=>128=>10,4,0.88865,0.8726,0.3003513123403226,0.3467706480793133,2,0.4121,128,52.74
FashionMNIST,784=>512=>128=>10,4,0.88865,0.8726,0.3003513123403226,0.3467706480793133,3,0.2226,10,2.23
FashionMNIST,784=>512=>128=>10,5,0.89555,0.8715,0.2818181891558267,0.3595056216807882,1,0.1882,512,96.37
FashionMNIST,784=>512=>128=>10,5,0.89555,0.8715,0.2818181891558267,0.3595056216807882,2,0.3951,128,50.57
FashionMNIST,784=>512=>128=>10,5,0.89555,0.8715,0.2818181891558267,0.3595056216807882,3,0.2125,10,2.12
FashionMNIST,784=>512=>128=>10,6,0.9014,0.8801,0.2647987125651923,0.330233085307346,1,0.1666,512,85.31
FashionMNIST,784=>512=>128=>10,6,0.9014,0.8801,0.2647987125651923,0.330233085307346,2,0.3845,128,49.22
FashionMNIST,784=>512=>128=>10,6,0.9014,0.8801,0.2647987125651923,0.330233085307346,3,0.2053,10,2.05
FashionMNIST,784=>512=>128=>10,7,0.9041666666666667,0.8846,0.2547690936687913,0.3204380759767666,1,0.1472,512,75.37
FashionMNIST,784=>512=>128=>10,7,0.9041666666666667,0.8846,0.2547690936687913,0.3204380759767666,2,0.3738,128,47.84
FashionMNIST,784=>512=>128=>10,7,0.9041666666666667,0.8846,0.2547690936687913,0.3204380759767666,3,0.1927,10,1.93
FashionMNIST,784=>512=>128=>10,8,0.90985,0.88,0.24177630429170024,0.33814453053626287,1,0.1395,512,71.42
FashionMNIST,784=>512=>128=>10,8,0.90985,0.88,0.24177630429170024,0.33814453053626287,2,0.367,128,46.98
FashionMNIST,784=>512=>128=>10,8,0.90985,0.88,0.24177630429170024,0.33814453053626287,3,0.1862,10,1.86
FashionMNIST,784=>512=>128=>10,9,0.9124,0.8878,0.23172782409562867,0.3168116597233305,1,0.1314,512,67.3
FashionMNIST,784=>512=>128=>10,9,0.9124,0.8878,0.23172782409562867,0.3168116597233305,2,0.3599,128,46.06
FashionMNIST,784=>512=>128=>10,9,0.9124,0.8878,0.23172782409562867,0.3168116597233305,3,0.1787,10,1.79
FashionMNIST,784=>512=>128=>10,10,0.9153833333333333,0.8899,0.22081366924843046,0.3248090531416,1,0.1267,512,64.86
FashionMNIST,784=>512=>128=>10,10,0.9153833333333333,0.8899,0.22081366924843046,0.3248090531416,2,0.3537,128,45.28
FashionMNIST,784=>512=>128=>10,10,0.9153833333333333,0.8899,0.22081366924843046,0.3248090531416,3,0.1745,10,1.74
FashionMNIST,784=>512=>128=>10,11,0.91935,0.8876,0.21236361712535054,0.3287673721884846,1,0.1209,512,61.89
FashionMNIST,784=>512=>128=>10,11,0.91935,0.8876,0.21236361712535054,0.3287673721884846,2,0.3481,128,44.55
FashionMNIST,784=>512=>128=>10,11,0.91935,0.8876,0.21236361712535054,0.3287673721884846,3,0.1734,10,1.73
FashionMNIST,784=>512=>128=>10,12,0.9226833333333333,0.8874,0.20299999311026226,0.3209547039334941,1,0.1177,512,60.24
FashionMNIST,784=>512=>128=>10,12,0.9226833333333333,0.8874,0.20299999311026226,0.3209547039334941,2,0.343,128,43.91
FashionMNIST,784=>512=>128=>10,12,0.9226833333333333,0.8874,0.20299999311026226,0.3209547039334941,3,0.1669,10,1.67
FashionMNIST,784=>512=>128=>10,13,0.9268,0.8877,0.1943669119305702,0.3313783384907018,1,0.1166,512,59.7
FashionMNIST,784=>512=>128=>10,13,0.9268,0.8877,0.1943669119305702,0.3313783384907018,2,0.3395,128,43.45
FashionMNIST,784=>512=>128=>10,13,0.9268,0.8877,0.1943669119305702,0.3313783384907018,3,0.1625,10,1.62
FashionMNIST,784=>512=>128=>10,14,0.9285333333333333,0.893,0.1885525708033173,0.3175827356138427,1,0.113,512,57.87
FashionMNIST,784=>512=>128=>10,14,0.9285333333333333,0.893,0.1885525708033173,0.3175827356138427,2,0.3366,128,43.09
FashionMNIST,784=>512=>128=>10,14,0.9285333333333333,0.893,0.1885525708033173,0.3175827356138427,3,0.1591,10,1.59
FashionMNIST,784=>512=>128=>10,15,0.9317166666666666,0.8951,0.1793277741177504,0.324705761092104,1,0.1111,512,56.89
FashionMNIST,784=>512=>128=>10,15,0.9317166666666666,0.8951,0.1793277741177504,0.324705761092104,2,0.3324,128,42.55
FashionMNIST,784=>512=>128=>10,15,0.9317166666666666,0.8951,0.1793277741177504,0.324705761092104,3,0.1574,10,1.57
FashionMNIST,784=>512=>128=>10,16,0.9327666666666666,0.8952,0.1753558363181664,0.32612380385398865,1,0.1078,512,55.2
FashionMNIST,784=>512=>128=>10,16,0.9327666666666666,0.8952,0.1753558363181664,0.32612380385398865,2,0.3264,128,41.78
FashionMNIST,784=>512=>128=>10,16,0.9327666666666666,0.8952,0.1753558363181664,0.32612380385398865,3,0.1563,10,1.56
FashionMNIST,784=>512=>128=>10,17,0.93605,0.8946,0.16571280756580042,0.3400224968791008,1,0.1076,512,55.09
FashionMNIST,784=>512=>128=>10,17,0.93605,0.8946,0.16571280756580042,0.3400224968791008,2,0.3257,128,41.69
FashionMNIST,784=>512=>128=>10,17,0.93605,0.8946,0.16571280756580042,0.3400224968791008,3,0.1546,10,1.55
FashionMNIST,784=>512=>128=>10,18,0.9384333333333333,0.8952,0.15963166672736406,0.35050690439855975,1,0.1051,512,53.79
FashionMNIST,784=>512=>128=>10,18,0.9384333333333333,0.8952,0.15963166672736406,0.35050690439855975,2,0.3254,128,41.65
FashionMNIST,784=>512=>128=>10,18,0.9384333333333333,0.8952,0.15963166672736406,0.35050690439855975,3,0.1511,10,1.51
FashionMNIST,784=>512=>128=>10,19,0.9386666666666666,0.8914,0.16000704018613582,0.34471969116645257,1,0.1042,512,53.32
FashionMNIST,784=>512=>128=>10,19,0.9386666666666666,0.8914,0.16000704018613582,0.34471969116645257,2,0.3176,128,40.66
FashionMNIST,784=>512=>128=>10,19,0.9386666666666666,0.8914,0.16000704018613582,0.34471969116645257,3,0.1498,10,1.5
FashionMNIST,784=>512=>128=>10,20,0.9422166666666667,0.8919,0.15012888204076016,0.37921972641614593,1,0.1028,512,52.61
FashionMNIST,784=>512=>128=>10,20,0.9422166666666667,0.8919,0.15012888204076016,0.37921972641614593,2,0.3171,128,40.59
FashionMNIST,784=>512=>128=>10,20,0.9422166666666667,0.8919,0.15012888204076016,0.37921972641614593,3,0.1462,10,1.46
FashionMNIST,784=>1024=>256=>64=>10,1,0.8124333333333333,0.846,0.5129288453092453,0.43342912870987205,1,0.4004,1024,410.02
FashionMNIST,784=>1024=>256=>64=>10,1,0.8124333333333333,0.846,0.5129288453092453,0.43342912870987205,2,0.4054,256,103.79
FashionMNIST,784=>1024=>256=>64=>10,1,0.8124333333333333,0.846,0.5129288453092453,0.43342912870987205,3,0.4704,64,30.1
FashionMNIST,784=>1024=>256=>64=>10,1,0.8124333333333333,0.846,0.5129288453092453,0.43342912870987205,4,0.3206,10,3.21
FashionMNIST,784=>1024=>256=>64=>10,2,0.8670833333333333,0.8369,0.36255238897828407,0.4264324352999402,1,0.2445,1024,250.4
FashionMNIST,784=>1024=>256=>64=>10,2,0.8670833333333333,0.8369,0.36255238897828407,0.4264324352999402,2,0.3378,256,86.47
FashionMNIST,784=>1024=>256=>64=>10,2,0.8670833333333333,0.8369,0.36255238897828407,0.4264324352999402,3,0.4337,64,27.76
FashionMNIST,784=>1024=>256=>64=>10,2,0.8670833333333333,0.8369,0.36255238897828407,0.4264324352999402,4,0.2718,10,2.72
FashionMNIST,784=>1024=>256=>64=>10,3,0.8796833333333334,0.862,0.3268358463973506,0.3805965137709478,1,0.1804,1024,184.75
FashionMNIST,784=>1024=>256=>64=>10,3,0.8796833333333334,0.862,0.3268358463973506,0.3805965137709478,2,0.3045,256,77.94
FashionMNIST,784=>1024=>256=>64=>10,3,0.8796833333333334,0.862,0.3268358463973506,0.3805965137709478,3,0.4038,64,25.85
FashionMNIST,784=>1024=>256=>64=>10,3,0.8796833333333334,0.862,0.3268358463973506,0.3805965137709478,4,0.2578,10,2.58
FashionMNIST,784=>1024=>256=>64=>10,4,0.8904,0.8731,0.29866910224625554,0.3488044710295975,1,0.1474,1024,150.91
FashionMNIST,784=>1024=>256=>64=>10,4,0.8904,0.8731,0.29866910224625554,0.3488044710295975,2,0.2874,256,73.58
FashionMNIST,784=>1024=>256=>64=>10,4,0.8904,0.8731,0.29866910224625554,0.3488044710295975,3,0.3853,64,24.66
FashionMNIST,784=>1024=>256=>64=>10,4,0.8904,0.8731,0.29866910224625554,0.3488044710295975,4,0.2479,10,2.48
FashionMNIST,784=>1024=>256=>64=>10,5,0.89415,0.8791,0.28251945364799325,0.3402676705721837,1,0.1211,1024,123.97
FashionMNIST,784=>1024=>256=>64=>10,5,0.89415,0.8791,0.28251945364799325,0.3402676705721837,2,0.2678,256,68.56
FashionMNIST,784=>1024=>256=>64=>10,5,0.89415,0.8791,0.28251945364799325,0.3402676705721837,3,0.3777,64,24.18
FashionMNIST,784=>1024=>256=>64=>10,5,0.89415,0.8791,0.28251945364799325,0.3402676705721837,4,0.2351,10,2.35
FashionMNIST,784=>1024=>256=>64=>10,6,0.8999833333333334,0.8739,0.2667835157817361,0.33997065915613417,1,0.1067,1024,109.29
FashionMNIST,784=>1024=>256=>64=>10,6,0.8999833333333334,0.8739,0.2667835157817361,0.33997065915613417,2,0.2527,256,64.7
FashionMNIST,784=>1024=>256=>64=>10,6,0.8999833333333334,0.8739,0.2667835157817361,0.33997065915613417,3,0.3641,64,23.3
FashionMNIST,784=>1024=>256=>64=>10,6,0.8999833333333334,0.8739,0.2667835157817361,0.33997065915613417,4,0.2331,10,2.33
FashionMNIST,784=>1024=>256=>64=>10,7,0.9048333333333334,0.8717,0.25381169241787527,0.35687076836634596,1,0.0996,1024,101.94
FashionMNIST,784=>1024=>256=>64=>10,7,0.9048333333333334,0.8717,0.25381169241787527,0.35687076836634596,2,0.2435,256,62.34
FashionMNIST,784=>1024=>256=>64=>10,7,0.9048333333333334,0.8717,0.25381169241787527,0.35687076836634596,3,0.3519,64,22.52
FashionMNIST,784=>1024=>256=>64=>10,7,0.9048333333333334,0.8717,0.25381169241787527,0.35687076836634596,4,0.2234,10,2.23
FashionMNIST,784=>1024=>256=>64=>10,8,0.9088833333333334,0.8731,0.24189814869195286,0.34661568720249614,1,0.0903,1024,92.51
FashionMNIST,784=>1024=>256=>64=>10,8,0.9088833333333334,0.8731,0.24189814869195286,0.34661568720249614,2,0.2306,256,59.03
FashionMNIST,784=>1024=>256=>64=>10,8,0.9088833333333334,0.8731,0.24189814869195286,0.34661568720249614,3,0.3428,64,21.94
FashionMNIST,784=>1024=>256=>64=>10,8,0.9088833333333334,0.8731,0.24189814869195286,0.34661568720249614,4,0.2145,10,2.14
FashionMNIST,784=>1024=>256=>64=>10,9,0.9132666666666667,0.8852,0.23014613163512526,0.32981860239035005,1,0.0852,1024,87.25
FashionMNIST,784=>1024=>256=>64=>10,9,0.9132666666666667,0.8852,0.23014613163512526,0.32981860239035005,2,0.2273,256,58.19
FashionMNIST,784=>1024=>256=>64=>10,9,0.9132666666666667,0.8852,0.23014613163512526,0.32981860239035005,3,0.3404,64,21.79
FashionMNIST,784=>1024=>256=>64=>10,9,0.9132666666666667,0.8852,0.23014613163512526,0.32981860239035005,4,0.2103,10,2.1
FashionMNIST,784=>1024=>256=>64=>10,10,0.9165666666666666,0.8853,0.21983440814496102,0.33277155307068185,1,0.0822,1024,84.16
FashionMNIST,784=>1024=>256=>64=>10,10,0.9165666666666666,0.8853,0.21983440814496102,0.33277155307068185,2,0.2197,256,56.23
FashionMNIST,784=>1024=>256=>64=>10,10,0.9165666666666666,0.8853,0.21983440814496102,0.33277155307068185,3,0.334,64,21.38
FashionMNIST,784=>1024=>256=>64=>10,10,0.9165666666666666,0.8853,0.21983440814496102,0.33277155307068185,4,0.205,10,2.05
FashionMNIST,784=>1024=>256=>64=>10,11,0.91955,0.8892,0.21155472467544237,0.33061676263619383,1,0.0799,1024,81.85
FashionMNIST,784=>1024=>256=>64=>10,11,0.91955,0.8892,0.21155472467544237,0.33061676263619383,2,0.2129,256,54.51
FashionMNIST,784=>1024=>256=>64=>10,11,0.91955,0.8892,0.21155472467544237,0.33061676263619383,3,0.3248,64,20.79
FashionMNIST,784=>1024=>256=>64=>10,11,0.91955,0.8892,0.21155472467544237,0.33061676263619383,4,0.1997,10,2.0
FashionMNIST,784=>1024=>256=>64=>10,12,0.92245,0.8904,0.20258535592874358,0.33419187267304984,1,0.0752,1024,76.96
FashionMNIST,784=>1024=>256=>64=>10,12,0.92245,0.8904,0.20258535592874358,0.33419187267304984,2,0.2112,256,54.06
FashionMNIST,784=>1024=>256=>64=>10,12,0.92245,0.8904,0.20258535592874358,0.33419187267304984,3,0.3259,64,20.86
FashionMNIST,784=>1024=>256=>64=>10,12,0.92245,0.8904,0.20258535592874358,0.33419187267304984,4,0.1949,10,1.95
FashionMNIST,784=>1024=>256=>64=>10,13,0.9253833333333333,0.8907,0.19493746898099304,0.3497795009404231,1,0.0747,1024,76.46
FashionMNIST,784=>1024=>256=>64=>10,13,0.9253833333333333,0.8907,0.19493746898099304,0.3497795009404231,2,0.2036,256,52.13
FashionMNIST,784=>1024=>256=>64=>10,13,0.9253833333333333,0.8907,0.19493746898099304,0.3497795009404231,3,0.3267,64,20.91
FashionMNIST,784=>1024=>256=>64=>10,13,0.9253833333333333,0.8907,0.19493746898099304,0.3497795009404231,4,0.1901,10,1.9
FashionMNIST,784=>1024=>256=>64=>10,14,0.9282666666666667,0.8881,0.1881694564425043,0.34098524144690506,1,0.0703,1024,71.94
FashionMNIST,784=>1024=>256=>64=>10,14,0.9282666666666667,0.8881,0.1881694564425043,0.34098524144690506,2,0.2025,256,51.83
FashionMNIST,784=>1024=>256=>64=>10,14,0.9282666666666667,0.8881,0.1881694564425043,0.34098524144690506,3,0.323,64,20.67
FashionMNIST,784=>1024=>256=>64=>10,14,0.9282666666666667,0.8881,0.1881694564425043,0.34098524144690506,4,0.1847,10,1.85
FashionMNIST,784=>1024=>256=>64=>10,15,0.93045,0.8921,0.18140163621120553,0.3469706271436943,1,0.0696,1024,71.32
FashionMNIST,784=>1024=>256=>64=>10,15,0.93045,0.8921,0.18140163621120553,0.3469706271436943,2,0.201,256,51.45
FashionMNIST,784=>1024=>256=>64=>10,15,0.93045,0.8921,0.18140163621120553,0.3469706271436943,3,0.3135,64,20.06
FashionMNIST,784=>1024=>256=>64=>10,15,0.93045,0.8921,0.18140163621120553,0.3469706271436943,4,0.1857,10,1.86
FashionMNIST,784=>1024=>256=>64=>10,16,0.9353,0.8934,0.17165686537239597,0.35486654092551795,1,0.0686,1024,70.3
FashionMNIST,784=>1024=>256=>64=>10,16,0.9353,0.8934,0.17165686537239597,0.35486654092551795,2,0.1961,256,50.19
FashionMNIST,784=>1024=>256=>64=>10,16,0.9353,0.8934,0.17165686537239597,0.35486654092551795,3,0.3096,64,19.81
FashionMNIST,784=>1024=>256=>64=>10,16,0.9353,0.8934,0.17165686537239597,0.35486654092551795,4,0.1814,10,1.81
FashionMNIST,784=>1024=>256=>64=>10,17,0.9348333333333333,0.8939,0.16743174647050563,0.3663706191026481,1,0.0668,1024,68.38
FashionMNIST,784=>1024=>256=>64=>10,17,0.9348333333333333,0.8939,0.16743174647050563,0.3663706191026481,2,0.1937,256,49.59
FashionMNIST,784=>1024=>256=>64=>10,17,0.9348333333333333,0.8939,0.16743174647050563,0.3663706191026481,3,0.3091,64,19.78
FashionMNIST,784=>1024=>256=>64=>10,17,0.9348333333333333,0.8939,0.16743174647050563,0.3663706191026481,4,0.1758,10,1.76
FashionMNIST,784=>1024=>256=>64=>10,18,0.93865,0.8895,0.16122537439883644,0.3636800470008592,1,0.0648,1024,66.38
FashionMNIST,784=>1024=>256=>64=>10,18,0.93865,0.8895,0.16122537439883644,0.3636800470008592,2,0.1929,256,49.39
FashionMNIST,784=>1024=>256=>64=>10,18,0.93865,0.8895,0.16122537439883644,0.3636800470008592,3,0.3094,64,19.8
FashionMNIST,784=>1024=>256=>64=>10,18,0.93865,0.8895,0.16122537439883644,0.3636800470008592,4,0.1757,10,1.76
FashionMNIST,784=>1024=>256=>64=>10,19,0.9412666666666667,0.8908,0.1539512520818822,0.3863703649384296,1,0.0631,1024,64.62
FashionMNIST,784=>1024=>256=>64=>10,19,0.9412666666666667,0.8908,0.1539512520818822,0.3863703649384296,2,0.1924,256,49.25
FashionMNIST,784=>1024=>256=>64=>10,19,0.9412666666666667,0.8908,0.1539512520818822,0.3863703649384296,3,0.3054,64,19.54
FashionMNIST,784=>1024=>256=>64=>10,19,0.9412666666666667,0.8908,0.1539512520818822,0.3863703649384296,4,0.1685,10,1.69
FashionMNIST,784=>1024=>256=>64=>10,20,0.9414166666666667,0.8906,0.15079386187181162,0.38174437508461584,1,0.0639,1024,65.45
FashionMNIST,784=>1024=>256=>64=>10,20,0.9414166666666667,0.8906,0.15079386187181162,0.38174437508461584,2,0.189,256,48.38
FashionMNIST,784=>1024=>256=>64=>10,20,0.9414166666666667,0.8906,0.15079386187181162,0.38174437508461584,3,0.3011,64,19.27
FashionMNIST,784=>1024=>256=>64=>10,20,0.9414166666666667,0.8906,0.15079386187181162,0.38174437508461584,4,0.1687,10,1.69
FashionMNIST,784=>64=>32=>10,1,0.7855666666666666,0.834,0.6045398543606689,0.4623692719040403,1,0.703,64,44.99
FashionMNIST,784=>64=>32=>10,1,0.7855666666666666,0.834,0.6045398543606689,0.4623692719040403,2,0.6893,32,22.06
FashionMNIST,784=>64=>32=>10,1,0.7855666666666666,0.834,0.6045398543606689,0.4623692719040403,3,0.2247,10,2.25
FashionMNIST,784=>64=>32=>10,2,0.8519333333333333,0.8423,0.41783356623672474,0.4473242959019485,1,0.6532,64,41.81
FashionMNIST,784=>64=>32=>10,2,0.8519333333333333,0.8423,0.41783356623672474,0.4473242959019485,2,0.6794,32,21.74
FashionMNIST,784=>64=>32=>10,2,0.8519333333333333,0.8423,0.41783356623672474,0.4473242959019485,3,0.1986,10,1.99
FashionMNIST,784=>64=>32=>10,3,0.8671166666666666,0.8585,0.3729485009810818,0.39830085426379164,1,0.6166,64,39.46
FashionMNIST,784=>64=>32=>10,3,0.8671166666666666,0.8585,0.3729485009810818,0.39830085426379164,2,0.6587,32,21.08
FashionMNIST,784=>64=>32=>10,3,0.8671166666666666,0.8585,0.3729485009810818,0.39830085426379164,3,0.1941,10,1.94
FashionMNIST,784=>64=>32=>10,4,0.87385,0.8627,0.35018665034538393,0.39128857642222364,1,0.5847,64,37.42
FashionMNIST,784=>64=>32=>10,4,0.87385,0.8627,0.35018665034538393,0.39128857642222364,2,0.641,32,20.51
FashionMNIST,784=>64=>32=>10,4,0.87385,0.8627,0.35018665034538393,0.39128857642222364,3,0.1907,10,1.91
FashionMNIST,784=>64=>32=>10,5,0.88125,0.8673,0.3313599749525854,0.3701916889400239,1,0.5602,64,35.86
FashionMNIST,784=>64=>32=>10,5,0.88125,0.8673,0.3313599749525854,0.3701916889400239,2,0.6377,32,20.41
FashionMNIST,784=>64=>32=>10,5,0.88125,0.8673,0.3313599749525854,0.3701916889400239,3,0.184,10,1.84
FashionMNIST,784=>64=>32=>10,6,0.8863166666666666,0.8672,0.3136199233151956,0.3711306234453894,1,0.5417,64,34.67
FashionMNIST,784=>64=>32=>10,6,0.8863166666666666,0.8672,0.3136199233151956,0.3711306234453894,2,0.6323,32,20.23
FashionMNIST,784=>64=>32=>10,6,0.8863166666666666,0.8672,0.3136199233151956,0.3711306234453894,3,0.1818,10,1.82
FashionMNIST,784=>64=>32=>10,7,0.8885166666666666,0.8627,0.3027485270601219,0.37771958492364094,1,0.5236,64,33.51
FashionMNIST,784=>64=>32=>10,7,0.8885166666666666,0.8627,0.3027485270601219,0.37771958492364094,2,0.6259,32,20.03
FashionMNIST,784=>64=>32=>10,7,0.8885166666666666,0.8627,0.3027485270601219,0.37771958492364094,3,0.1794,10,1.79
FashionMNIST,784=>64=>32=>10,8,0.89285,0.8676,0.2932402083693918,0.38375024345650033,1,0.5096,64,32.61
FashionMNIST,784=>64=>32=>10,8,0.89285,0.8676,0.2932402083693918,0.38375024345650033,2,0.624,32,19.97
FashionMNIST,784=>64=>32=>10,8,0.89285,0.8676,0.2932402083693918,0.38375024345650033,3,0.178,10,1.78
FashionMNIST,784=>64=>32=>10,9,0.8961666666666667,0.8715,0.283404122799762,0.36399228775956827,1,0.4987,64,31.91
FashionMNIST,784=>64=>32=>10,9,0.8961666666666667,0.8715,0.283404122799762,0.36399228775956827,2,0.6164,32,19.73
FashionMNIST,784=>64=>32=>10,9,0.8961666666666667,0.8715,0.283404122799762,0.36399228775956827,3,0.1779,10,1.78
FashionMNIST,784=>64=>32=>10,10,0.8977666666666667,0.876,0.2771072254887522,0.348154471178723,1,0.4872,64,31.18
FashionMNIST,784=>64=>32=>10,10,0.8977666666666667,0.876,0.2771072254887522,0.348154471178723,2,0.6096,32,19.51
FashionMNIST,784=>64=>32=>10,10,0.8977666666666667,0.876,0.2771072254887522,0.348154471178723,3,0.1759,10,1.76
FashionMNIST,784=>64=>32=>10,11,0.9001666666666667,0.8782,0.2681782079149665,0.35258235521377274,1,0.487,64,31.17
FashionMNIST,784=>64=>32=>10,11,0.9001666666666667,0.8782,0.2681782079149665,0.35258235521377274,2,0.6092,32,19.5
FashionMNIST,784=>64=>32=>10,11,0.9001666666666667,0.8782,0.2681782079149665,0.35258235521377274,3,0.1743,10,1.74
FashionMNIST,784=>64=>32=>10,12,0.90255,0.8758,0.2626395276201559,0.34920348089401887,1,0.4738,64,30.32
FashionMNIST,784=>64=>32=>10,12,0.90255,0.8758,0.2626395276201559,0.34920348089401887,2,0.6018,32,19.26
FashionMNIST,784=>64=>32=>10,12,0.90255,0.8758,0.2626395276201559,0.34920348089401887,3,0.1745,10,1.75
FashionMNIST,784=>64=>32=>10,13,0.9062666666666667,0.8802,0.25324902001982813,0.3470625173134409,1,0.4706,64,30.12
FashionMNIST,784=>64=>32=>10,13,0.9062666666666667,0.8802,0.25324902001982813,0.3470625173134409,2,0.597,32,19.1
FashionMNIST,784=>64=>32=>10,13,0.9062666666666667,0.8802,0.25324902001982813,0.3470625173134409,3,0.1738,10,1.74
FashionMNIST,784=>64=>32=>10,14,0.9076,0.878,0.24940241678659594,0.35877192257695895,1,0.4617,64,29.55
FashionMNIST,784=>64=>32=>10,14,0.9076,0.878,0.24940241678659594,0.35877192257695895,2,0.5927,32,18.97
FashionMNIST,784=>64=>32=>10,14,0.9076,0.878,0.24940241678659594,0.35877192257695895,3,0.1725,10,1.72
FashionMNIST,784=>64=>32=>10,15,0.90925,0.884,0.24394726263148697,0.3336664248423971,1,0.4554,64,29.15
FashionMNIST,784=>64=>32=>10,15,0.90925,0.884,0.24394726263148697,0.3336664248423971,2,0.5865,32,18.77
FashionMNIST,784=>64=>32=>10,15,0.90925,0.884,0.24394726263148697,0.3336664248423971,3,0.1712,10,1.71
FashionMNIST,784=>64=>32=>10,16,0.9109,0.881,0.23894890222245696,0.3491967344170163,1,0.4493,64,28.75
FashionMNIST,784=>64=>32=>10,16,0.9109,0.881,0.23894890222245696,0.3491967344170163,2,0.5834,32,18.67
FashionMNIST,784=>64=>32=>10,16,0.9109,0.881,0.23894890222245696,0.3491967344170163,3,0.1717,10,1.72
FashionMNIST,784=>64=>32=>10,17,0.9119333333333334,0.8731,0.2354277849578654,0.37112177879947006,1,0.4524,64,28.96
FashionMNIST,784=>64=>32=>10,17,0.9119333333333334,0.8731,0.2354277849578654,0.37112177879947006,2,0.582,32,18.62
FashionMNIST,784=>64=>32=>10,17,0.9119333333333334,0.8731,0.2354277849578654,0.37112177879947006,3,0.1703,10,1.7
FashionMNIST,784=>64=>32=>10,18,0.9157333333333333,0.8804,0.22831216500575607,0.35604652036337336,1,0.447,64,28.61
FashionMNIST,784=>64=>32=>10,18,0.9157333333333333,0.8804,0.22831216500575607,0.35604652036337336,2,0.578,32,18.5
FashionMNIST,784=>64=>32=>10,18,0.9157333333333333,0.8804,0.22831216500575607,0.35604652036337336,3,0.1685,10,1.68
FashionMNIST,784=>64=>32=>10,19,0.9165166666666666,0.8819,0.22482965931073942,0.3574559661992796,1,0.4428,64,28.34
FashionMNIST,784=>64=>32=>10,19,0.9165166666666666,0.8819,0.22482965931073942,0.3574559661992796,2,0.576,32,18.43
FashionMNIST,784=>64=>32=>10,19,0.9165166666666666,0.8819,0.22482965931073942,0.3574559661992796,3,0.1667,10,1.67
FashionMNIST,784=>64=>32=>10,20,0.9191166666666667,0.8776,0.21944373701887726,0.3545720717709535,1,0.4412,64,28.24
FashionMNIST,784=>64=>32=>10,20,0.9191166666666667,0.8776,0.21944373701887726,0.3545720717709535,2,0.5749,32,18.4
FashionMNIST,784=>64=>32=>10,20,0.9191166666666667,0.8776,0.21944373701887726,0.3545720717709535,3,0.1674,10,1.67
MNIST,784=>512=>256=>128=>64=>10,1,0.91055,0.9603,0.29502892273782033,0.1282834123462664,1,0.5416,512,277.29
MNIST,784=>512=>256=>128=>64=>10,1,0.91055,0.9603,0.29502892273782033,0.1282834123462664,2,0.6102,256,156.2
MNIST,784=>512=>256=>128=>64=>10,1,0.91055,0.9603,0.29502892273782033,0.1282834123462664,3,0.5969,128,76.41
MNIST,784=>512=>256=>128=>64=>10,1,0.91055,0.9603,0.29502892273782033,0.1282834123462664,4,0.5981,64,38.28
MNIST,784=>512=>256=>128=>64=>10,1,0.91055,0.9603,0.29502892273782033,0.1282834123462664,5,0.3867,10,3.87
MNIST,784=>512=>256=>128=>64=>10,2,0.9678333333333333,0.9671,0.10784534317379726,0.10194727469192652,1,0.326,512,166.9
MNIST,784=>512=>256=>128=>64=>10,2,0.9678333333333333,0.9671,0.10784534317379726,0.10194727469192652,2,0.5079,256,130.01
MNIST,784=>512=>256=>128=>64=>10,2,0.9678333333333333,0.9671,0.10784534317379726,0.10194727469192652,3,0.5257,128,67.29
MNIST,784=>512=>256=>128=>64=>10,2,0.9678333333333333,0.9671,0.10784534317379726,0.10194727469192652,4,0.5561,64,35.59
MNIST,784=>512=>256=>128=>64=>10,2,0.9678333333333333,0.9671,0.10784534317379726,0.10194727469192652,5,0.3375,10,3.38
MNIST,784=>512=>256=>128=>64=>10,3,0.9779666666666667,0.9759,0.07294196330260601,0.07880011214817219,1,0.2552,512,130.65
MNIST,784=>512=>256=>128=>64=>10,3,0.9779666666666667,0.9759,0.07294196330260601,0.07880011214817219,2,0.454,256,116.23
MNIST,784=>512=>256=>128=>64=>10,3,0.9779666666666667,0.9759,0.07294196330260601,0.07880011214817219,3,0.4782,128,61.21
MNIST,784=>512=>256=>128=>64=>10,3,0.9779666666666667,0.9759,0.07294196330260601,0.07880011214817219,4,0.5092,64,32.59
MNIST,784=>512=>256=>128=>64=>10,3,0.9779666666666667,0.9759,0.07294196330260601,0.07880011214817219,5,0.3157,10,3.16
MNIST,784=>512=>256=>128=>64=>10,4,0.9828666666666667,0.9749,0.05468855130693206,0.08932380958061345,1,0.2116,512,108.35
MNIST,784=>512=>256=>128=>64=>10,4,0.9828666666666667,0.9749,0.05468855130693206,0.08932380958061345,2,0.4185,256,107.13
MNIST,784=>512=>256=>128=>64=>10,4,0.9828666666666667,0.9749,0.05468855130693206,0.08932380958061345,3,0.4413,128,56.49
MNIST,784=>512=>256=>128=>64=>10,4,0.9828666666666667,0.9749,0.05468855130693206,0.08932380958061345,4,0.4901,64,31.37
MNIST,784=>512=>256=>128=>64=>10,4,0.9828666666666667,0.9749,0.05468855130693206,0.08932380958061345,5,0.2911,10,2.91
MNIST,784=>512=>256=>128=>64=>10,5,0.9868333333333333,0.9794,0.04463942631577595,0.07277754903798789,1,0.1861,512,95.26
MNIST,784=>512=>256=>128=>64=>10,5,0.9868333333333333,0.9794,0.04463942631577595,0.07277754903798789,2,0.3911,256,100.13
MNIST,784=>512=>256=>128=>64=>10,5,0.9868333333333333,0.9794,0.04463942631577595,0.07277754903798789,3,0.3964,128,50.74
MNIST,784=>512=>256=>128=>64=>10,5,0.9868333333333333,0.9794,0.04463942631577595,0.07277754903798789,4,0.4603,64,29.46
MNIST,784=>512=>256=>128=>64=>10,5,0.9868333333333333,0.9794,0.04463942631577595,0.07277754903798789,5,0.2775,10,2.78
MNIST,784=>512=>256=>128=>64=>10,6,0.98915,0.9793,0.034943122826267166,0.07780702575807372,1,0.1616,512,82.73
MNIST,784=>512=>256=>128=>64=>10,6,0.98915,0.9793,0.034943122826267166,0.07780702575807372,2,0.3703,256,94.79
MNIST,784=>512=>256=>128=>64=>10,6,0.98915,0.9793,0.034943122826267166,0.07780702575807372,3,0.3734,128,47.79
MNIST,784=>512=>256=>128=>64=>10,6,0.98915,0.9793,0.034943122826267166,0.07780702575807372,4,0.4413,64,28.24
MNIST,784=>512=>256=>128=>64=>10,6,0.98915,0.9793,0.034943122826267166,0.07780702575807372,5,0.2501,10,2.5
MNIST,784=>512=>256=>128=>64=>10,7,0.9897333333333334,0.9794,0.032576889097019765,0.07185730553233245,1,0.1459,512,74.72
MNIST,784=>512=>256=>128=>64=>10,7,0.9897333333333334,0.9794,0.032576889097019765,0.07185730553233245,2,0.3526,256,90.27
MNIST,784=>512=>256=>128=>64=>10,7,0.9897333333333334,0.9794,0.032576889097019765,0.07185730553233245,3,0.3405,128,43.58
MNIST,784=>512=>256=>128=>64=>10,7,0.9897333333333334,0.9794,0.032576889097019765,0.07185730553233245,4,0.4194,64,26.84
MNIST,784=>512=>256=>128=>64=>10,7,0.9897333333333334,0.9794,0.032576889097019765,0.07185730553233245,5,0.2395,10,2.39
MNIST,784=>512=>256=>128=>64=>10,8,0.99175,0.9776,0.02654209263454095,0.08824376664199969,1,0.138,512,70.66
MNIST,784=>512=>256=>128=>64=>10,8,0.99175,0.9776,0.02654209263454095,0.08824376664199969,2,0.341,256,87.3
MNIST,784=>512=>256=>128=>64=>10,8,0.99175,0.9776,0.02654209263454095,0.08824376664199969,3,0.324,128,41.47
MNIST,784=>512=>256=>128=>64=>10,8,0.99175,0.9776,0.02654209263454095,0.08824376664199969,4,0.4038,64,25.84
MNIST,784=>512=>256=>128=>64=>10,8,0.99175,0.9776,0.02654209263454095,0.08824376664199969,5,0.2261,10,2.26
MNIST,784=>512=>256=>128=>64=>10,9,0.99255,0.9807,0.02418625778057703,0.07653583562703507,1,0.132,512,67.6
MNIST,784=>512=>256=>128=>64=>10,9,0.99255,0.9807,0.02418625778057703,0.07653583562703507,2,0.3271,256,83.74
MNIST,784=>512=>256=>128=>64=>10,9,0.99255,0.9807,0.02418625778057703,0.07653583562703507,3,0.2984,128,38.2
MNIST,784=>512=>256=>128=>64=>10,9,0.99255,0.9807,0.02418625778057703,0.07653583562703507,4,0.378,64,24.19
MNIST,784=>512=>256=>128=>64=>10,9,0.99255,0.9807,0.02418625778057703,0.07653583562703507,5,0.2274,10,2.27
MNIST,784=>512=>256=>128=>64=>10,10,0.9938166666666667,0.9769,0.019728705243711772,0.10273938799303317,1,0.131,512,67.05
MNIST,784=>512=>256=>128=>64=>10,10,0.9938166666666667,0.9769,0.019728705243711772,0.10273938799303317,2,0.317,256,81.15
MNIST,784=>512=>256=>128=>64=>10,10,0.9938166666666667,0.9769,0.019728705243711772,0.10273938799303317,3,0.2796,128,35.79
MNIST,784=>512=>256=>128=>64=>10,10,0.9938166666666667,0.9769,0.019728705243711772,0.10273938799303317,4,0.3772,64,24.14
MNIST,784=>512=>256=>128=>64=>10,10,0.9938166666666667,0.9769,0.019728705243711772,0.10273938799303317,5,0.2128,10,2.13
MNIST,784=>512=>256=>128=>64=>10,11,0.9941333333333333,0.9806,0.01932888216725996,0.07388843125064938,1,0.1284,512,65.74
MNIST,784=>512=>256=>128=>64=>10,11,0.9941333333333333,0.9806,0.01932888216725996,0.07388843125064938,2,0.3043,256,77.91
MNIST,784=>512=>256=>128=>64=>10,11,0.9941333333333333,0.9806,0.01932888216725996,0.07388843125064938,3,0.2561,128,32.78
MNIST,784=>512=>256=>128=>64=>10,11,0.9941333333333333,0.9806,0.01932888216725996,0.07388843125064938,4,0.3566,64,22.82
MNIST,784=>512=>256=>128=>64=>10,11,0.9941333333333333,0.9806,0.01932888216725996,0.07388843125064938,5,0.1966,10,1.97
MNIST,784=>512=>256=>128=>64=>10,12,0.9958333333333333,0.9807,0.014641381792852215,0.08458612289238228,1,0.1262,512,64.61
MNIST,784=>512=>256=>128=>64=>10,12,0.9958333333333333,0.9807,0.014641381792852215,0.08458612289238228,2,0.3003,256,76.89
MNIST,784=>512=>256=>128=>64=>10,12,0.9958333333333333,0.9807,0.014641381792852215,0.08458612289238228,3,0.2469,128,31.6
MNIST,784=>512=>256=>128=>64=>10,12,0.9958333333333333,0.9807,0.014641381792852215,0.08458612289238228,4,0.3479,64,22.26
MNIST,784=>512=>256=>128=>64=>10,12,0.9958333333333333,0.9807,0.014641381792852215,0.08458612289238228,5,0.1881,10,1.88
MNIST,784=>512=>256=>128=>64=>10,13,0.9947166666666667,0.9815,0.01695670115946096,0.07573789975679568,1,0.126,512,64.52
MNIST,784=>512=>256=>128=>64=>10,13,0.9947166666666667,0.9815,0.01695670115946096,0.07573789975679568,2,0.2872,256,73.52
MNIST,784=>512=>256=>128=>64=>10,13,0.9947166666666667,0.9815,0.01695670115946096,0.07573789975679568,3,0.2311,128,29.58
MNIST,784=>512=>256=>128=>64=>10,13,0.9947166666666667,0.9815,0.01695670115946096,0.07573789975679568,4,0.3376,64,21.61
MNIST,784=>512=>256=>128=>64=>10,13,0.9947166666666667,0.9815,0.01695670115946096,0.07573789975679568,5,0.1817,10,1.82
MNIST,784=>512=>256=>128=>64=>10,14,0.99615,0.9815,0.011972470205091085,0.09371936095586551,1,0.1259,512,64.45
MNIST,784=>512=>256=>128=>64=>10,14,0.99615,0.9815,0.011972470205091085,0.09371936095586551,2,0.2758,256,70.61
MNIST,784=>512=>256=>128=>64=>10,14,0.99615,0.9815,0.011972470205091085,0.09371936095586551,3,0.2183,128,27.94
MNIST,784=>512=>256=>128=>64=>10,14,0.99615,0.9815,0.011972470205091085,0.09371936095586551,4,0.333,64,21.31
MNIST,784=>512=>256=>128=>64=>10,14,0.99615,0.9815,0.011972470205091085,0.09371936095586551,5,0.1744,10,1.74
MNIST,784=>512=>256=>128=>64=>10,15,0.9954,0.9818,0.015249755955430377,0.08421894926474417,1,0.1216,512,62.24
MNIST,784=>512=>256=>128=>64=>10,15,0.9954,0.9818,0.015249755955430377,0.08421894926474417,2,0.2756,256,70.54
MNIST,784=>512=>256=>128=>64=>10,15,0.9954,0.9818,0.015249755955430377,0.08421894926474417,3,0.2081,128,26.64
MNIST,784=>512=>256=>128=>64=>10,15,0.9954,0.9818,0.015249755955430377,0.08421894926474417,4,0.33,64,21.12
MNIST,784=>512=>256=>128=>64=>10,15,0.9954,0.9818,0.015249755955430377,0.08421894926474417,5,0.1619,10,1.62
MNIST,784=>512=>256=>128=>64=>10,16,0.9968833333333333,0.9815,0.011164681001522412,0.09090370864313842,1,0.1227,512,62.83
MNIST,784=>512=>256=>128=>64=>10,16,0.9968833333333333,0.9815,0.011164681001522412,0.09090370864313842,2,0.2709,256,69.34
MNIST,784=>512=>256=>128=>64=>10,16,0.9968833333333333,0.9815,0.011164681001522412,0.09090370864313842,3,0.2069,128,26.48
MNIST,784=>512=>256=>128=>64=>10,16,0.9968833333333333,0.9815,0.011164681001522412,0.09090370864313842,4,0.3286,64,21.03
MNIST,784=>512=>256=>128=>64=>10,16,0.9968833333333333,0.9815,0.011164681001522412,0.09090370864313842,5,0.1435,10,1.43
MNIST,784=>512=>256=>128=>64=>10,17,0.9963666666666666,0.9814,0.012060542506496286,0.09129544020593014,1,0.1166,512,59.7
MNIST,784=>512=>256=>128=>64=>10,17,0.9963666666666666,0.9814,0.012060542506496286,0.09129544020593014,2,0.2658,256,68.04
MNIST,784=>512=>256=>128=>64=>10,17,0.9963666666666666,0.9814,0.012060542506496286,0.09129544020593014,3,0.1915,128,24.52
MNIST,784=>512=>256=>128=>64=>10,17,0.9963666666666666,0.9814,0.012060542506496286,0.09129544020593014,4,0.3277,64,20.97
MNIST,784=>512=>256=>128=>64=>10,17,0.9963666666666666,0.9814,0.012060542506496286,0.09129544020593014,5,0.1394,10,1.39
MNIST,784=>512=>256=>128=>64=>10,18,0.9965166666666667,0.9778,0.012671337918563737,0.098023448417342,1,0.1168,512,59.79
MNIST,784=>512=>256=>128=>64=>10,18,0.9965166666666667,0.9778,0.012671337918563737,0.098023448417342,2,0.2582,256,66.11
MNIST,784=>512=>256=>128=>64=>10,18,0.9965166666666667,0.9778,0.012671337918563737,0.098023448417342,3,0.1888,128,24.17
MNIST,784=>512=>256=>128=>64=>10,18,0.9965166666666667,0.9778,0.012671337918563737,0.098023448417342,4,0.3292,64,21.07
MNIST,784=>512=>256=>128=>64=>10,18,0.9965166666666667,0.9778,0.012671337918563737,0.098023448417342,5,0.1416,10,1.42
MNIST,784=>512=>256=>128=>64=>10,19,0.9967333333333334,0.9812,0.010422654792863832,0.09763097637274785,1,0.1188,512,60.85
MNIST,784=>512=>256=>128=>64=>10,19,0.9967333333333334,0.9812,0.010422654792863832,0.09763097637274785,2,0.2605,256,66.7
MNIST,784=>512=>256=>128=>64=>10,19,0.9967333333333334,0.9812,0.010422654792863832,0.09763097637274785,3,0.1785,128,22.84
MNIST,784=>512=>256=>128=>64=>10,19,0.9967333333333334,0.9812,0.010422654792863832,0.09763097637274785,4,0.3228,64,20.66
MNIST,784=>512=>256=>128=>64=>10,19,0.9967333333333334,0.9812,0.010422654792863832,0.09763097637274785,5,0.1188,10,1.19
MNIST,784=>512=>256=>128=>64=>10,20,0.9971,0.9801,0.01036900687949383,0.0966728809100552,1,0.1221,512,62.51
MNIST,784=>512=>256=>128=>64=>10,20,0.9971,0.9801,0.01036900687949383,0.0966728809100552,2,0.2569,256,65.77
MNIST,784=>512=>256=>128=>64=>10,20,0.9971,0.9801,0.01036900687949383,0.0966728809100552,3,0.1753,128,22.44
MNIST,784=>512=>256=>128=>64=>10,20,0.9971,0.9801,0.01036900687949383,0.0966728809100552,4,0.3294,64,21.08
MNIST,784=>512=>256=>128=>64=>10,20,0.9971,0.9801,0.01036900687949383,0.0966728809100552,5,0.1118,10,1.12
MNIST,784=>256=>128=>64=>10,1,0.9059333333333334,0.9594,0.31582964961129084,0.13331837010878334,1,0.6265,256,160.39
MNIST,784=>256=>128=>64=>10,1,0.9059333333333334,0.9594,0.31582964961129084,0.13331837010878334,2,0.6635,128,84.93
MNIST,784=>256=>128=>64=>10,1,0.9059333333333334,0.9594,0.31582964961129084,0.13331837010878334,3,0.672,64,43.01
MNIST,784=>256=>128=>64=>10,1,0.9059333333333334,0.9594,0.31582964961129084,0.13331837010878334,4,0.3501,10,3.5
MNIST,784=>256=>128=>64=>10,2,0.96485,0.9677,0.11653155112650984,0.10773571440134387,1,0.4484,256,114.79
MNIST,784=>256=>128=>64=>10,2,0.96485,0.9677,0.11653155112650984,0.10773571440134387,2,0.6069,128,77.69
MNIST,784=>256=>128=>64=>10,2,0.96485,0.9677,0.11653155112650984,0.10773571440134387,3,0.6435,64,41.18
MNIST,784=>256=>128=>64=>10,2,0.96485,0.9677,0.11653155112650984,0.10773571440134387,4,0.2849,10,2.85
MNIST,784=>256=>128=>64=>10,3,0.9755666666666667,0.9727,0.07929137694154943,0.09198617389020407,1,0.3787,256,96.94
MNIST,784=>256=>128=>64=>10,3,0.9755666666666667,0.9727,0.07929137694154943,0.09198617389020407,2,0.5667,128,72.53
MNIST,784=>256=>128=>64=>10,3,0.9755666666666667,0.9727,0.07929137694154943,0.09198617389020407,3,0.621,64,39.75
MNIST,784=>256=>128=>64=>10,3,0.9755666666666667,0.9727,0.07929137694154943,0.09198617389020407,4,0.2611,10,2.61
MNIST,784=>256=>128=>64=>10,4,0.98175,0.9764,0.05877345326199714,0.08151031302754948,1,0.3394,256,86.89
MNIST,784=>256=>128=>64=>10,4,0.98175,0.9764,0.05877345326199714,0.08151031302754948,2,0.5298,128,67.81
MNIST,784=>256=>128=>64=>10,4,0.98175,0.9764,0.05877345326199714,0.08151031302754948,3,0.5971,64,38.21
MNIST,784=>256=>128=>64=>10,4,0.98175,0.9764,0.05877345326199714,0.08151031302754948,4,0.2429,10,2.43
MNIST,784=>256=>128=>64=>10,5,0.9856333333333334,0.9787,0.045039891837356384,0.07568616753297258,1,0.3084,256,78.96
MNIST,784=>256=>128=>64=>10,5,0.9856333333333334,0.9787,0.045039891837356384,0.07568616753297258,2,0.5027,128,64.35
MNIST,784=>256=>128=>64=>10,5,0.9856333333333334,0.9787,0.045039891837356384,0.07568616753297258,3,0.5845,64,37.41
MNIST,784=>256=>128=>64=>10,5,0.9856333333333334,0.9787,0.045039891837356384,0.07568616753297258,4,0.2286,10,2.29
MNIST,784=>256=>128=>64=>10,6,0.9885,0.9796,0.0351329612734813,0.07478774556720327,1,0.2837,256,72.63
MNIST,784=>256=>128=>64=>10,6,0.9885,0.9796,0.0351329612734813,0.07478774556720327,2,0.4849,128,62.07
MNIST,784=>256=>128=>64=>10,6,0.9885,0.9796,0.0351329612734813,0.07478774556720327,3,0.5631,64,36.04
MNIST,784=>256=>128=>64=>10,6,0.9885,0.9796,0.0351329612734813,0.07478774556720327,4,0.2232,10,2.23
MNIST,784=>256=>128=>64=>10,7,0.9904,0.9798,0.02980448607089016,0.07645237917769837,1,0.2628,256,67.29
MNIST,784=>256=>128=>64=>10,7,0.9904,0.9798,0.02980448607089016,0.07645237917769837,2,0.4687,128,60.0
MNIST,784=>256=>128=>64=>10,7,0.9904,0.9798,0.02980448607089016,0.07645237917769837,3,0.5517,64,35.31
MNIST,784=>256=>128=>64=>10,7,0.9904,0.9798,0.02980448607089016,0.07645237917769837,4,0.2126,10,2.13
MNIST,784=>256=>128=>64=>10,8,0.9915166666666667,0.9788,0.026154234469253898,0.0888499021481838,1,0.2521,256,64.55
MNIST,784=>256=>128=>64=>10,8,0.9915166666666667,0.9788,0.026154234469253898,0.0888499021481838,2,0.4453,128,56.99
MNIST,784=>256=>128=>64=>10,8,0.9915166666666667,0.9788,0.026154234469253898,0.0888499021481838,3,0.5311,64,33.99
MNIST,784=>256=>128=>64=>10,8,0.9915166666666667,0.9788,0.026154234469253898,0.0888499021481838,4,0.2073,10,2.07
MNIST,784=>256=>128=>64=>10,9,0.9930166666666667,0.9801,0.021780536352507974,0.08143602626426105,1,0.2439,256,62.44
MNIST,784=>256=>128=>64=>10,9,0.9930166666666667,0.9801,0.021780536352507974,0.08143602626426105,2,0.4312,128,55.19
MNIST,784=>256=>128=>64=>10,9,0.9930166666666667,0.9801,0.021780536352507974,0.08143602626426105,3,0.522,64,33.41
MNIST,784=>256=>128=>64=>10,9,0.9930166666666667,0.9801,0.021780536352507974,0.08143602626426105,4,0.1972,10,1.97
MNIST,784=>256=>128=>64=>10,10,0.9941666666666666,0.9818,0.018107335140734954,0.07659017298157002,1,0.2298,256,58.83
MNIST,784=>256=>128=>64=>10,10,0.9941666666666666,0.9818,0.018107335140734954,0.07659017298157002,2,0.4127,128,52.83
MNIST,784=>256=>128=>64=>10,10,0.9941666666666666,0.9818,0.018107335140734954,0.07659017298157002,3,0.5039,64,32.25
MNIST,784=>256=>128=>64=>10,10,0.9941666666666666,0.9818,0.018107335140734954,0.07659017298157002,4,0.1937,10,1.94
MNIST,784=>256=>128=>64=>10,11,0.99295,0.9814,0.02095868295864983,0.08326513594169993,1,0.2275,256,58.24
MNIST,784=>256=>128=>64=>10,11,0.99295,0.9814,0.02095868295864983,0.08326513594169993,2,0.4031,128,51.59
MNIST,784=>256=>128=>64=>10,11,0.99295,0.9814,0.02095868295864983,0.08326513594169993,3,0.4969,64,31.8
MNIST,784=>256=>128=>64=>10,11,0.99295,0.9814,0.02095868295864983,0.08326513594169993,4,0.1863,10,1.86
MNIST,784=>256=>128=>64=>10,12,0.9952333333333333,0.9802,0.014282690805421595,0.08543727643146905,1,0.2233,256,57.17
MNIST,784=>256=>128=>64=>10,12,0.9952333333333333,0.9802,0.014282690805421595,0.08543727643146905,2,0.3907,128,50.0
MNIST,784=>256=>128=>64=>10,12,0.9952333333333333,0.9802,0.014282690805421595,0.08543727643146905,3,0.4826,64,30.89
MNIST,784=>256=>128=>64=>10,12,0.9952333333333333,0.9802,0.014282690805421595,0.08543727643146905,4,0.1763,10,1.76
MNIST,784=>256=>128=>64=>10,13,0.9957833333333334,0.9797,0.013549732804015476,0.09362232681696754,1,0.2164,256,55.4
MNIST,784=>256=>128=>64=>10,13,0.9957833333333334,0.9797,0.013549732804015476,0.09362232681696754,2,0.3834,128,49.08
MNIST,784=>256=>128=>64=>10,13,0.9957833333333334,0.9797,0.013549732804015476,0.09362232681696754,3,0.4762,64,30.48
MNIST,784=>256=>128=>64=>10,13,0.9957833333333334,0.9797,0.013549732804015476,0.09362232681696754,4,0.1694,10,1.69
MNIST,784=>256=>128=>64=>10,14,0.9953666666666666,0.9803,0.01382214270499878,0.09865695360273748,1,0.2099,256,53.73
MNIST,784=>256=>128=>64=>10,14,0.9953666666666666,0.9803,0.01382214270499878,0.09865695360273748,2,0.3767,128,48.21
MNIST,784=>256=>128=>64=>10,14,0.9953666666666666,0.9803,0.01382214270499878,0.09865695360273748,3,0.4677,64,29.94
MNIST,784=>256=>128=>64=>10,14,0.9953666666666666,0.9803,0.01382214270499878,0.09865695360273748,4,0.171,10,1.71
MNIST,784=>256=>128=>64=>10,15,0.9963666666666666,0.9763,0.01205301853365015,0.11069764214419298,1,0.2106,256,53.91
MNIST,784=>256=>128=>64=>10,15,0.9963666666666666,0.9763,0.01205301853365015,0.11069764214419298,2,0.3643,128,46.63
MNIST,784=>256=>128=>64=>10,15,0.9963666666666666,0.9763,0.01205301853365015,0.11069764214419298,3,0.4652,64,29.77
MNIST,784=>256=>128=>64=>10,15,0.9963666666666666,0.9763,0.01205301853365015,0.11069764214419298,4,0.164,10,1.64
MNIST,784=>256=>128=>64=>10,16,0.99575,0.9818,0.013678085878925729,0.09702203273247348,1,0.2054,256,52.59
MNIST,784=>256=>128=>64=>10,16,0.99575,0.9818,0.013678085878925729,0.09702203273247348,2,0.3533,128,45.22
MNIST,784=>256=>128=>64=>10,16,0.99575,0.9818,0.013678085878925729,0.09702203273247348,3,0.4503,64,28.82
MNIST,784=>256=>128=>64=>10,16,0.99575,0.9818,0.013678085878925729,0.09702203273247348,4,0.1662,10,1.66
MNIST,784=>256=>128=>64=>10,17,0.9968333333333333,0.9807,0.009380692289563515,0.09866877105421527,1,0.2037,256,52.14
MNIST,784=>256=>128=>64=>10,17,0.9968333333333333,0.9807,0.009380692289563515,0.09866877105421527,2,0.3413,128,43.68
MNIST,784=>256=>128=>64=>10,17,0.9968333333333333,0.9807,0.009380692289563515,0.09866877105421527,3,0.4316,64,27.63
MNIST,784=>256=>128=>64=>10,17,0.9968333333333333,0.9807,0.009380692289563515,0.09866877105421527,4,0.159,10,1.59
MNIST,784=>256=>128=>64=>10,18,0.9966666666666667,0.9818,0.010228247011402562,0.10071249806323311,1,0.2044,256,52.32
MNIST,784=>256=>128=>64=>10,18,0.9966666666666667,0.9818,0.010228247011402562,0.10071249806323311,2,0.336,128,43.01
MNIST,784=>256=>128=>64=>10,18,0.9966666666666667,0.9818,0.010228247011402562,0.10071249806323311,3,0.4187,64,26.8
MNIST,784=>256=>128=>64=>10,18,0.9966666666666667,0.9818,0.010228247011402562,0.10071249806323311,4,0.1564,10,1.56
MNIST,784=>256=>128=>64=>10,19,0.9969666666666667,0.9786,0.009946528083724936,0.11230222016046214,1,0.2012,256,51.51
MNIST,784=>256=>128=>64=>10,19,0.9969666666666667,0.9786,0.009946528083724936,0.11230222016046214,2,0.3272,128,41.88
MNIST,784=>256=>128=>64=>10,19,0.9969666666666667,0.9786,0.009946528083724936,0.11230222016046214,3,0.4156,64,26.6
MNIST,784=>256=>128=>64=>10,19,0.9969666666666667,0.9786,0.009946528083724936,0.11230222016046214,4,0.153,10,1.53
MNIST,784=>256=>128=>64=>10,20,0.99695,0.9771,0.010669774163234872,0.11073546667865318,1,0.1967,256,50.36
MNIST,784=>256=>128=>64=>10,20,0.99695,0.9771,0.010669774163234872,0.11073546667865318,2,0.3196,128,40.91
MNIST,784=>256=>128=>64=>10,20,0.99695,0.9771,0.010669774163234872,0.11073546667865318,3,0.4088,64,26.16
MNIST,784=>256=>128=>64=>10,20,0.99695,0.9771,0.010669774163234872,0.11073546667865318,4,0.1541,10,1.54
MNIST,784=>128=>64=>10,1,0.9065833333333333,0.9535,0.33214127903442775,0.15823451757941182,1,0.7311,128,93.58
MNIST,784=>128=>64=>10,1,0.9065833333333333,0.9535,0.33214127903442775,0.15823451757941182,2,0.7312,64,46.8
MNIST,784=>128=>64=>10,1,0.9065833333333333,0.9535,0.33214127903442775,0.15823451757941182,3,0.3202,10,3.2
MNIST,784=>128=>64=>10,2,0.9606333333333333,0.9664,0.13399160398877283,0.10886185104101541,1,0.598,128,76.54
MNIST,784=>128=>64=>10,2,0.9606333333333333,0.9664,0.13399160398877283,0.10886185104101541,2,0.7021,64,44.94
MNIST,784=>128=>64=>10,2,0.9606333333333333,0.9664,0.13399160398877283,0.10886185104101541,3,0.2743,10,2.74
MNIST,784=>128=>64=>10,3,0.9726333333333333,0.9715,0.09078498759162007,0.09407217569454947,1,0.5467,128,69.98
MNIST,784=>128=>64=>10,3,0.9726333333333333,0.9715,0.09078498759162007,0.09407217569454947,2,0.6895,64,44.13
MNIST,784=>128=>64=>10,3,0.9726333333333333,0.9715,0.09078498759162007,0.09407217569454947,3,0.255,10,2.55
MNIST,784=>128=>64=>10,4,0.9788333333333333,0.9719,0.06872283408283265,0.09245003422645846,1,0.5173,128,66.21
MNIST,784=>128=>64=>10,4,0.9788333333333333,0.9719,0.06872283408283265,0.09245003422645846,2,0.6781,64,43.4
MNIST,784=>128=>64=>10,4,0.9788333333333333,0.9719,0.06872283408283265,0.09245003422645846,3,0.2462,10,2.46
MNIST,784=>128=>64=>10,5,0.9832333333333333,0.9686,0.05255681176114875,0.10205953195857946,1,0.4941,128,63.25
MNIST,784=>128=>64=>10,5,0.9832333333333333,0.9686,0.05255681176114875,0.10205953195857946,2,0.6674,64,42.71
MNIST,784=>128=>64=>10,5,0.9832333333333333,0.9686,0.05255681176114875,0.10205953195857946,3,0.2368,10,2.37
MNIST,784=>128=>64=>10,6,0.9867166666666667,0.9723,0.04150054728086573,0.08651686744343833,1,0.4807,128,61.53
MNIST,784=>128=>64=>10,6,0.9867166666666667,0.9723,0.04150054728086573,0.08651686744343833,2,0.6587,64,42.15
MNIST,784=>128=>64=>10,6,0.9867166666666667,0.9723,0.04150054728086573,0.08651686744343833,3,0.2311,10,2.31
MNIST,784=>128=>64=>10,7,0.9887333333333334,0.9711,0.03429134823519042,0.0887521629176645,1,0.4636,128,59.34
MNIST,784=>128=>64=>10,7,0.9887333333333334,0.9711,0.03429134823519042,0.0887521629176645,2,0.6473,64,41.43
MNIST,784=>128=>64=>10,7,0.9887333333333334,0.9711,0.03429134823519042,0.0887521629176645,3,0.2264,10,2.26
MNIST,784=>128=>64=>10,8,0.9906833333333334,0.979,0.029548633589777527,0.0720394490795376,1,0.4545,128,58.18
MNIST,784=>128=>64=>10,8,0.9906833333333334,0.979,0.029548633589777527,0.0720394490795376,2,0.6406,64,41.0
MNIST,784=>128=>64=>10,8,0.9906833333333334,0.979,0.029548633589777527,0.0720394490795376,3,0.2212,10,2.21
MNIST,784=>128=>64=>10,9,0.99205,0.973,0.024594341206625212,0.09640063218719394,1,0.438,128,56.07
MNIST,784=>128=>64=>10,9,0.99205,0.973,0.024594341206625212,0.09640063218719394,2,0.6319,64,40.44
MNIST,784=>128=>64=>10,9,0.99205,0.973,0.024594341206625212,0.09640063218719394,3,0.2185,10,2.19
MNIST,784=>128=>64=>10,10,0.99315,0.9745,0.021197269571997693,0.09278681224182878,1,0.4286,128,54.86
MNIST,784=>128=>64=>10,10,0.99315,0.9745,0.021197269571997693,0.09278681224182878,2,0.6266,64,40.1
MNIST,784=>128=>64=>10,10,0.99315,0.9745,0.021197269571997693,0.09278681224182878,3,0.2127,10,2.13
MNIST,784=>128=>64=>10,11,0.9941666666666666,0.9794,0.01792098600384176,0.08168558440306437,1,0.4222,128,54.05
MNIST,784=>128=>64=>10,11,0.9941666666666666,0.9794,0.01792098600384176,0.08168558440306437,2,0.6232,64,39.88
MNIST,784=>128=>64=>10,11,0.9941666666666666,0.9794,0.01792098600384176,0.08168558440306437,3,0.2095,10,2.09
MNIST,784=>128=>64=>10,12,0.9947666666666667,0.9774,0.015230895992928383,0.09371662028414596,1,0.416,128,53.24
MNIST,784=>128=>64=>10,12,0.9947666666666667,0.9774,0.015230895992928383,0.09371662028414596,2,0.6238,64,39.92
MNIST,784=>128=>64=>10,12,0.9947666666666667,0.9774,0.015230895992928383,0.09371662028414596,3,0.202,10,2.02
MNIST,784=>128=>64=>10,13,0.9958,0.9788,0.013173782641070211,0.0914033093422708,1,0.4047,128,51.8
MNIST,784=>128=>64=>10,13,0.9958,0.9788,0.013173782641070211,0.0914033093422708,2,0.6164,64,39.45
MNIST,784=>128=>64=>10,13,0.9958,0.9788,0.013173782641070211,0.0914033093422708,3,0.2012,10,2.01
MNIST,784=>128=>64=>10,14,0.9958666666666667,0.977,0.011774858627018292,0.1029891553968084,1,0.4055,128,51.91
MNIST,784=>128=>64=>10,14,0.9958666666666667,0.977,0.011774858627018292,0.1029891553968084,2,0.6127,64,39.21
MNIST,784=>128=>64=>10,14,0.9958666666666667,0.977,0.011774858627018292,0.1029891553968084,3,0.1998,10,2.0
MNIST,784=>128=>64=>10,15,0.9959833333333333,0.977,0.011003827446842796,0.11334106895627344,1,0.3985,128,51.01
MNIST,784=>128=>64=>10,15,0.9959833333333333,0.977,0.011003827446842796,0.11334106895627344,2,0.6083,64,38.93
MNIST,784=>128=>64=>10,15,0.9959833333333333,0.977,0.011003827446842796,0.11334106895627344,3,0.1972,10,1.97
MNIST,784=>128=>64=>10,16,0.99525,0.9795,0.01347810244363057,0.10572185608911802,1,0.3892,128,49.82
MNIST,784=>128=>64=>10,16,0.99525,0.9795,0.01347810244363057,0.10572185608911802,2,0.6032,64,38.6
MNIST,784=>128=>64=>10,16,0.99525,0.9795,0.01347810244363057,0.10572185608911802,3,0.1945,10,1.95
MNIST,784=>128=>64=>10,17,0.9972166666666666,0.9776,0.008701173963313357,0.10746818378673821,1,0.382,128,48.9
MNIST,784=>128=>64=>10,17,0.9972166666666666,0.9776,0.008701173963313357,0.10746818378673821,2,0.5944,64,38.04
MNIST,784=>128=>64=>10,17,0.9972166666666666,0.9776,0.008701173963313357,0.10746818378673821,3,0.1928,10,1.93
MNIST,784=>128=>64=>10,18,0.9974166666666666,0.9784,0.007821300579146626,0.11572535427128358,1,0.3772,128,48.28
MNIST,784=>128=>64=>10,18,0.9974166666666666,0.9784,0.007821300579146626,0.11572535427128358,2,0.5906,64,37.8
MNIST,784=>128=>64=>10,18,0.9974166666666666,0.9784,0.007821300579146626,0.11572535427128358,3,0.19,10,1.9
MNIST,784=>128=>64=>10,19,0.9960166666666667,0.9724,0.010724750506897869,0.14383690461340232,1,0.3733,128,47.78
MNIST,784=>128=>64=>10,19,0.9960166666666667,0.9724,0.010724750506897869,0.14383690461340232,2,0.5886,64,37.67
MNIST,784=>128=>64=>10,19,0.9960166666666667,0.9724,0.010724750506897869,0.14383690461340232,3,0.1886,10,1.89
MNIST,784=>128=>64=>10,20,0.9977,0.9788,0.006784791895362533,0.13168758416516063,1,0.3689,128,47.22
MNIST,784=>128=>64=>10,20,0.9977,0.9788,0.006784791895362533,0.13168758416516063,2,0.5794,64,37.08
MNIST,784=>128=>64=>10,20,0.9977,0.9788,0.006784791895362533,0.13168758416516063,3,0.1878,10,1.88
MNIST,784=>512=>128=>10,1,0.9263166666666667,0.9655,0.25293960286252726,0.11264675675081623,1,0.5645,512,289.01
MNIST,784=>512=>128=>10,1,0.9263166666666667,0.9655,0.25293960286252726,0.11264675675081623,2,0.6382,128,81.69
MNIST,784=>512=>128=>10,1,0.9263166666666667,0.9655,0.25293960286252726,0.11264675675081623,3,0.3464,10,3.46
MNIST,784=>512=>128=>10,2,0.9706333333333333,0.9757,0.09458485191046541,0.0762958002749795,1,0.4013,512,205.45
MNIST,784=>512=>128=>10,2,0.9706333333333333,0.9757,0.09458485191046541,0.0762958002749795,2,0.5842,128,74.77
MNIST,784=>512=>128=>10,2,0.9706333333333333,0.9757,0.09458485191046541,0.0762958002749795,3,0.2855,10,2.86
MNIST,784=>512=>128=>10,3,0.98145,0.9738,0.05946166448415255,0.07979005715045277,1,0.3448,512,176.55
MNIST,784=>512=>128=>10,3,0.98145,0.9738,0.05946166448415255,0.07979005715045277,2,0.5611,128,71.82
MNIST,784=>512=>128=>10,3,0.98145,0.9738,0.05946166448415255,0.07979005715045277,3,0.2651,10,2.65
MNIST,784=>512=>128=>10,4,0.98565,0.978,0.04348750480228284,0.06875482031189062,1,0.3025,512,154.87
MNIST,784=>512=>128=>10,4,0.98565,0.978,0.04348750480228284,0.06875482031189062,2,0.5403,128,69.15
MNIST,784=>512=>128=>10,4,0.98565,0.978,0.04348750480228284,0.06875482031189062,3,0.2485,10,2.49
MNIST,784=>512=>128=>10,5,0.9889666666666667,0.98,0.032514700045333064,0.06582355631126931,1,0.268,512,137.23
MNIST,784=>512=>128=>10,5,0.9889666666666667,0.98,0.032514700045333064,0.06582355631126931,2,0.5218,128,66.79
MNIST,784=>512=>128=>10,5,0.9889666666666667,0.98,0.032514700045333064,0.06582355631126931,3,0.24,10,2.4
MNIST,784=>512=>128=>10,6,0.9914833333333334,0.9789,0.025872246772794278,0.07125289864001341,1,0.2466,512,126.27
MNIST,784=>512=>128=>10,6,0.9914833333333334,0.9789,0.025872246772794278,0.07125289864001341,2,0.5116,128,65.49
MNIST,784=>512=>128=>10,6,0.9914833333333334,0.9789,0.025872246772794278,0.07125289864001341,3,0.2265,10,2.26
MNIST,784=>512=>128=>10,7,0.9933666666666666,0.9774,0.02093816274383905,0.08303273162453907,1,0.2251,512,115.24
MNIST,784=>512=>128=>10,7,0.9933666666666666,0.9774,0.02093816274383905,0.08303273162453907,2,0.4966,128,63.56
MNIST,784=>512=>128=>10,7,0.9933666666666666,0.9774,0.02093816274383905,0.08303273162453907,3,0.2133,10,2.13
MNIST,784=>512=>128=>10,8,0.99375,0.9813,0.01771595699441554,0.07751464716225229,1,0.2092,512,107.1
MNIST,784=>512=>128=>10,8,0.99375,0.9813,0.01771595699441554,0.07751464716225229,2,0.4838,128,61.92
MNIST,784=>512=>128=>10,8,0.99375,0.9813,0.01771595699441554,0.07751464716225229,3,0.2082,10,2.08
MNIST,784=>512=>128=>10,9,0.9951166666666666,0.98,0.01490698119213931,0.08090743273609764,1,0.2001,512,102.46
MNIST,784=>512=>128=>10,9,0.9951166666666666,0.98,0.01490698119213931,0.08090743273609764,2,0.4773,128,61.1
MNIST,784=>512=>128=>10,9,0.9951166666666666,0.98,0.01490698119213931,0.08090743273609764,3,0.1995,10,2.0
MNIST,784=>512=>128=>10,10,0.9958666666666667,0.979,0.013636488151689597,0.08107387078230262,1,0.1847,512,94.57
MNIST,784=>512=>128=>10,10,0.9958666666666667,0.979,0.013636488151689597,0.08107387078230262,2,0.4656,128,59.6
MNIST,784=>512=>128=>10,10,0.9958666666666667,0.979,0.013636488151689597,0.08107387078230262,3,0.1936,10,1.94
MNIST,784=>512=>128=>10,11,0.99565,0.9818,0.012880029573075349,0.08106862892519157,1,0.1771,512,90.68
MNIST,784=>512=>128=>10,11,0.99565,0.9818,0.012880029573075349,0.08106862892519157,2,0.4562,128,58.39
MNIST,784=>512=>128=>10,11,0.99565,0.9818,0.012880029573075349,0.08106862892519157,3,0.1917,10,1.92
MNIST,784=>512=>128=>10,12,0.9961833333333333,0.9811,0.011298092071873685,0.0875617420229509,1,0.1721,512,88.13
MNIST,784=>512=>128=>10,12,0.9961833333333333,0.9811,0.011298092071873685,0.0875617420229509,2,0.448,128,57.35
MNIST,784=>512=>128=>10,12,0.9961833333333333,0.9811,0.011298092071873685,0.0875617420229509,3,0.1842,10,1.84
MNIST,784=>512=>128=>10,13,0.9966,0.9816,0.011102831342140213,0.0932466904217037,1,0.1695,512,86.78
MNIST,784=>512=>128=>10,13,0.9966,0.9816,0.011102831342140213,0.0932466904217037,2,0.44,128,56.32
MNIST,784=>512=>128=>10,13,0.9966,0.9816,0.011102831342140213,0.0932466904217037,3,0.1766,10,1.77
MNIST,784=>512=>128=>10,14,0.9965166666666667,0.9826,0.010441292967952041,0.08134862034720257,1,0.1688,512,86.41
MNIST,784=>512=>128=>10,14,0.9965166666666667,0.9826,0.010441292967952041,0.08134862034720257,2,0.433,128,55.43
MNIST,784=>512=>128=>10,14,0.9965166666666667,0.9826,0.010441292967952041,0.08134862034720257,3,0.1725,10,1.72
MNIST,784=>512=>128=>10,15,0.99655,0.9807,0.01177026243963429,0.09895027247847746,1,0.1613,512,82.57
MNIST,784=>512=>128=>10,15,0.99655,0.9807,0.01177026243963429,0.09895027247847746,2,0.4283,128,54.82
MNIST,784=>512=>128=>10,15,0.99655,0.9807,0.01177026243963429,0.09895027247847746,3,0.172,10,1.72
MNIST,784=>512=>128=>10,16,0.9985833333333334,0.9806,0.004620405368842291,0.11009181361080868,1,0.1564,512,80.09
MNIST,784=>512=>128=>10,16,0.9985833333333334,0.9806,0.004620405368842291,0.11009181361080868,2,0.4215,128,53.95
MNIST,784=>512=>128=>10,16,0.9985833333333334,0.9806,0.004620405368842291,0.11009181361080868,3,0.1655,10,1.66
MNIST,784=>512=>128=>10,17,0.9963833333333333,0.9799,0.011144263182146452,0.09486015930638218,1,0.1571,512,80.44
MNIST,784=>512=>128=>10,17,0.9963833333333333,0.9799,0.011144263182146452,0.09486015930638218,2,0.4201,128,53.77
MNIST,784=>512=>128=>10,17,0.9963833333333333,0.9799,0.011144263182146452,0.09486015930638218,3,0.1655,10,1.66
MNIST,784=>512=>128=>10,18,0.9978,0.981,0.007947577698764413,0.09732012214180742,1,0.1549,512,79.31
MNIST,784=>512=>128=>10,18,0.9978,0.981,0.007947577698764413,0.09732012214180742,2,0.4104,128,52.53
MNIST,784=>512=>128=>10,18,0.9978,0.981,0.007947577698764413,0.09732012214180742,3,0.1647,10,1.65
MNIST,784=>512=>128=>10,19,0.9985666666666667,0.9786,0.004765634386269845,0.13360022270870292,1,0.1506,512,77.12
MNIST,784=>512=>128=>10,19,0.9985666666666667,0.9786,0.004765634386269845,0.13360022270870292,2,0.4029,128,51.57
MNIST,784=>512=>128=>10,19,0.9985666666666667,0.9786,0.004765634386269845,0.13360022270870292,3,0.1618,10,1.62
MNIST,784=>512=>128=>10,20,0.9969,0.9823,0.0106032429991963,0.09988028069797629,1,0.1485,512,76.02
MNIST,784=>512=>128=>10,20,0.9969,0.9823,0.0106032429991963,0.09988028069797629,2,0.3997,128,51.16
MNIST,784=>512=>128=>10,20,0.9969,0.9823,0.0106032429991963,0.09988028069797629,3,0.159,10,1.59
MNIST,784=>1024=>256=>64=>10,1,0.9262333333333334,0.9642,0.24867982421316573,0.10826659470738748,1,0.4942,1024,506.02
MNIST,784=>1024=>256=>64=>10,1,0.9262333333333334,0.9642,0.24867982421316573,0.10826659470738748,2,0.5056,256,129.42
MNIST,784=>1024=>256=>64=>10,1,0.9262333333333334,0.9642,0.24867982421316573,0.10826659470738748,3,0.5435,64,34.79
MNIST,784=>1024=>256=>64=>10,1,0.9262333333333334,0.9642,0.24867982421316573,0.10826659470738748,4,0.3973,10,3.97
MNIST,784=>1024=>256=>64=>10,2,0.9718333333333333,0.9766,0.0908873520328848,0.0800622186466316,1,0.3029,1024,310.12
MNIST,784=>1024=>256=>64=>10,2,0.9718333333333333,0.9766,0.0908873520328848,0.0800622186466316,2,0.431,256,110.34
MNIST,784=>1024=>256=>64=>10,2,0.9718333333333333,0.9766,0.0908873520328848,0.0800622186466316,3,0.4975,64,31.84
MNIST,784=>1024=>256=>64=>10,2,0.9718333333333333,0.9766,0.0908873520328848,0.0800622186466316,4,0.3486,10,3.49
MNIST,784=>1024=>256=>64=>10,3,0.9809333333333333,0.9668,0.06088300017061145,0.10985448325362804,1,0.2291,1024,234.64
MNIST,784=>1024=>256=>64=>10,3,0.9809333333333333,0.9668,0.06088300017061145,0.10985448325362804,2,0.393,256,100.62
MNIST,784=>1024=>256=>64=>10,3,0.9809333333333333,0.9668,0.06088300017061145,0.10985448325362804,3,0.4672,64,29.9
MNIST,784=>1024=>256=>64=>10,3,0.9809333333333333,0.9668,0.06088300017061145,0.10985448325362804,4,0.3154,10,3.15
MNIST,784=>1024=>256=>64=>10,4,0.9860333333333333,0.9797,0.04447695275433292,0.06792766236205909,1,0.1853,1024,189.75
MNIST,784=>1024=>256=>64=>10,4,0.9860333333333333,0.9797,0.04447695275433292,0.06792766236205909,2,0.3616,256,92.58
MNIST,784=>1024=>256=>64=>10,4,0.9860333333333333,0.9797,0.04447695275433292,0.06792766236205909,3,0.441,64,28.23
MNIST,784=>1024=>256=>64=>10,4,0.9860333333333333,0.9797,0.04447695275433292,0.06792766236205909,4,0.2994,10,2.99
MNIST,784=>1024=>256=>64=>10,5,0.9894833333333334,0.981,0.03311685045710333,0.07064079124211275,1,0.1645,1024,168.44
MNIST,784=>1024=>256=>64=>10,5,0.9894833333333334,0.981,0.03311685045710333,0.07064079124211275,2,0.3413,256,87.37
MNIST,784=>1024=>256=>64=>10,5,0.9894833333333334,0.981,0.03311685045710333,0.07064079124211275,3,0.4161,64,26.63
MNIST,784=>1024=>256=>64=>10,5,0.9894833333333334,0.981,0.03311685045710333,0.07064079124211275,4,0.2844,10,2.84
MNIST,784=>1024=>256=>64=>10,6,0.9905333333333334,0.9803,0.0289768288696077,0.06812892208809626,1,0.1431,1024,146.56
MNIST,784=>1024=>256=>64=>10,6,0.9905333333333334,0.9803,0.0289768288696077,0.06812892208809626,2,0.3255,256,83.33
MNIST,784=>1024=>256=>64=>10,6,0.9905333333333334,0.9803,0.0289768288696077,0.06812892208809626,3,0.4049,64,25.91
MNIST,784=>1024=>256=>64=>10,6,0.9905333333333334,0.9803,0.0289768288696077,0.06812892208809626,4,0.273,10,2.73
MNIST,784=>1024=>256=>64=>10,7,0.993,0.9824,0.02164215680962548,0.06796318197290732,1,0.1287,1024,131.84
MNIST,784=>1024=>256=>64=>10,7,0.993,0.9824,0.02164215680962548,0.06796318197290732,2,0.3079,256,78.83
MNIST,784=>1024=>256=>64=>10,7,0.993,0.9824,0.02164215680962548,0.06796318197290732,3,0.3929,64,25.15
MNIST,784=>1024=>256=>64=>10,7,0.993,0.9824,0.02164215680962548,0.06796318197290732,4,0.2549,10,2.55
MNIST,784=>1024=>256=>64=>10,8,0.99385,0.9814,0.018499468614781106,0.07217461734765661,1,0.1218,1024,124.75
MNIST,784=>1024=>256=>64=>10,8,0.99385,0.9814,0.018499468614781106,0.07217461734765661,2,0.2983,256,76.38
MNIST,784=>1024=>256=>64=>10,8,0.99385,0.9814,0.018499468614781106,0.07217461734765661,3,0.383,64,24.51
MNIST,784=>1024=>256=>64=>10,8,0.99385,0.9814,0.018499468614781106,0.07217461734765661,4,0.2474,10,2.47
MNIST,784=>1024=>256=>64=>10,9,0.9940166666666667,0.9799,0.019365600213425194,0.08836807961649,1,0.115,1024,117.78
MNIST,784=>1024=>256=>64=>10,9,0.9940166666666667,0.9799,0.019365600213425194,0.08836807961649,2,0.2869,256,73.44
MNIST,784=>1024=>256=>64=>10,9,0.9940166666666667,0.9799,0.019365600213425194,0.08836807961649,3,0.3703,64,23.7
MNIST,784=>1024=>256=>64=>10,9,0.9940166666666667,0.9799,0.019365600213425194,0.08836807961649,4,0.2429,10,2.43
MNIST,784=>1024=>256=>64=>10,10,0.9944166666666666,0.9818,0.01766150169922898,0.07689634839871766,1,0.108,1024,110.64
MNIST,784=>1024=>256=>64=>10,10,0.9944166666666666,0.9818,0.01766150169922898,0.07689634839871766,2,0.2692,256,68.92
MNIST,784=>1024=>256=>64=>10,10,0.9944166666666666,0.9818,0.01766150169922898,0.07689634839871766,3,0.3543,64,22.67
MNIST,784=>1024=>256=>64=>10,10,0.9944166666666666,0.9818,0.01766150169922898,0.07689634839871766,4,0.2314,10,2.31
MNIST,784=>1024=>256=>64=>10,11,0.9963166666666666,0.9802,0.012711548356635632,0.08025779569699147,1,0.104,1024,106.46
MNIST,784=>1024=>256=>64=>10,11,0.9963166666666666,0.9802,0.012711548356635632,0.08025779569699147,2,0.264,256,67.59
MNIST,784=>1024=>256=>64=>10,11,0.9963166666666666,0.9802,0.012711548356635632,0.08025779569699147,3,0.3442,64,22.03
MNIST,784=>1024=>256=>64=>10,11,0.9963166666666666,0.9802,0.012711548356635632,0.08025779569699147,4,0.2233,10,2.23
MNIST,784=>1024=>256=>64=>10,12,0.9959666666666667,0.9827,0.012952328840709555,0.07983711568895334,1,0.1036,1024,106.09
MNIST,784=>1024=>256=>64=>10,12,0.9959666666666667,0.9827,0.012952328840709555,0.07983711568895334,2,0.2553,256,65.35
MNIST,784=>1024=>256=>64=>10,12,0.9959666666666667,0.9827,0.012952328840709555,0.07983711568895334,3,0.3327,64,21.29
MNIST,784=>1024=>256=>64=>10,12,0.9959666666666667,0.9827,0.012952328840709555,0.07983711568895334,4,0.2257,10,2.26
MNIST,784=>1024=>256=>64=>10,13,0.9956,0.9813,0.013897469755918284,0.08204552829308079,1,0.1027,1024,105.16
MNIST,784=>1024=>256=>64=>10,13,0.9956,0.9813,0.013897469755918284,0.08204552829308079,2,0.2477,256,63.4
MNIST,784=>1024=>256=>64=>10,13,0.9956,0.9813,0.013897469755918284,0.08204552829308079,3,0.3195,64,20.45
MNIST,784=>1024=>256=>64=>10,13,0.9956,0.9813,0.013897469755918284,0.08204552829308079,4,0.2282,10,2.28
MNIST,784=>1024=>256=>64=>10,14,0.99735,0.9798,0.00881571034924074,0.10320140353864327,1,0.0993,1024,101.69
MNIST,784=>1024=>256=>64=>10,14,0.99735,0.9798,0.00881571034924074,0.10320140353864327,2,0.2445,256,62.59
MNIST,784=>1024=>256=>64=>10,14,0.99735,0.9798,0.00881571034924074,0.10320140353864327,3,0.3196,64,20.46
MNIST,784=>1024=>256=>64=>10,14,0.99735,0.9798,0.00881571034924074,0.10320140353864327,4,0.2031,10,2.03
MNIST,784=>1024=>256=>64=>10,15,0.9964166666666666,0.982,0.012768600313741926,0.087606495189366,1,0.1009,1024,103.28
MNIST,784=>1024=>256=>64=>10,15,0.9964166666666666,0.982,0.012768600313741926,0.087606495189366,2,0.2379,256,60.91
MNIST,784=>1024=>256=>64=>10,15,0.9964166666666666,0.982,0.012768600313741926,0.087606495189366,3,0.3169,64,20.28
MNIST,784=>1024=>256=>64=>10,15,0.9964166666666666,0.982,0.012768600313741926,0.087606495189366,4,0.1849,10,1.85
MNIST,784=>1024=>256=>64=>10,16,0.9966,0.98,0.011470779535216268,0.09672536812037608,1,0.097,1024,99.29
MNIST,784=>1024=>256=>64=>10,16,0.9966,0.98,0.011470779535216268,0.09672536812037608,2,0.2289,256,58.6
MNIST,784=>1024=>256=>64=>10,16,0.9966,0.98,0.011470779535216268,0.09672536812037608,3,0.306,64,19.58
MNIST,784=>1024=>256=>64=>10,16,0.9966,0.98,0.011470779535216268,0.09672536812037608,4,0.186,10,1.86
MNIST,784=>1024=>256=>64=>10,17,0.9975,0.9791,0.008145580398130925,0.10708430310677187,1,0.0985,1024,100.83
MNIST,784=>1024=>256=>64=>10,17,0.9975,0.9791,0.008145580398130925,0.10708430310677187,2,0.2228,256,57.03
MNIST,784=>1024=>256=>64=>10,17,0.9975,0.9791,0.008145580398130925,0.10708430310677187,3,0.3011,64,19.27
MNIST,784=>1024=>256=>64=>10,17,0.9975,0.9791,0.008145580398130925,0.10708430310677187,4,0.1744,10,1.74
MNIST,784=>1024=>256=>64=>10,18,0.99705,0.9838,0.0096199779423264,0.08412699609601271,1,0.1009,1024,103.28
MNIST,784=>1024=>256=>64=>10,18,0.99705,0.9838,0.0096199779423264,0.08412699609601271,2,0.2142,256,54.83
MNIST,784=>1024=>256=>64=>10,18,0.99705,0.9838,0.0096199779423264,0.08412699609601271,3,0.2938,64,18.8
MNIST,784=>1024=>256=>64=>10,18,0.99705,0.9838,0.0096199779423264,0.08412699609601271,4,0.1699,10,1.7
MNIST,784=>1024=>256=>64=>10,19,0.9972833333333333,0.9847,0.009265812734930004,0.0827657964668629,1,0.0983,1024,100.63
MNIST,784=>1024=>256=>64=>10,19,0.9972833333333333,0.9847,0.009265812734930004,0.0827657964668629,2,0.2139,256,54.76
MNIST,784=>1024=>256=>64=>10,19,0.9972833333333333,0.9847,0.009265812734930004,0.0827657964668629,3,0.293,64,18.75
MNIST,784=>1024=>256=>64=>10,19,0.9972833333333333,0.9847,0.009265812734930004,0.0827657964668629,4,0.1629,10,1.63
MNIST,784=>1024=>256=>64=>10,20,0.9971833333333333,0.9815,0.009541715027508,0.09209910892042705,1,0.0969,1024,99.23
MNIST,784=>1024=>256=>64=>10,20,0.9971833333333333,0.9815,0.009541715027508,0.09209910892042705,2,0.2106,256,53.92
MNIST,784=>1024=>256=>64=>10,20,0.9971833333333333,0.9815,0.009541715027508,0.09209910892042705,3,0.2881,64,18.44
MNIST,784=>1024=>256=>64=>10,20,0.9971833333333333,0.9815,0.009541715027508,0.09209910892042705,4,0.1674,10,1.67
MNIST,784=>64=>32=>10,1,0.8845333333333333,0.936,0.40744290422243096,0.21936702635732425,1,0.8173,64,52.31
MNIST,784=>64=>32=>10,1,0.8845333333333333,0.936,0.40744290422243096,0.21936702635732425,2,0.8458,32,27.07
MNIST,784=>64=>32=>10,1,0.8845333333333333,0.936,0.40744290422243096,0.21936702635732425,3,0.292,10,2.92
MNIST,784=>64=>32=>10,2,0.94515,0.9494,0.19047007423394652,0.17068381411183603,1,0.7326,64,46.88
MNIST,784=>64=>32=>10,2,0.94515,0.9494,0.19047007423394652,0.17068381411183603,2,0.8255,32,26.42
MNIST,784=>64=>32=>10,2,0.94515,0.9494,0.19047007423394652,0.17068381411183603,3,0.2506,10,2.51
MNIST,784=>64=>32=>10,3,0.9578833333333333,0.9621,0.14214770090001733,0.13317463412038555,1,0.6745,64,43.16
MNIST,784=>64=>32=>10,3,0.9578833333333333,0.9621,0.14214770090001733,0.13317463412038555,2,0.8151,32,26.08
MNIST,784=>64=>32=>10,3,0.9578833333333333,0.9621,0.14214770090001733,0.13317463412038555,3,0.2371,10,2.37
MNIST,784=>64=>32=>10,4,0.9676833333333333,0.9655,0.11211583283948286,0.11443782464940706,1,0.6416,64,41.06
MNIST,784=>64=>32=>10,4,0.9676833333333333,0.9655,0.11211583283948286,0.11443782464940706,2,0.8065,32,25.81
MNIST,784=>64=>32=>10,4,0.9676833333333333,0.9655,0.11211583283948286,0.11443782464940706,3,0.2252,10,2.25
MNIST,784=>64=>32=>10,5,0.9727333333333333,0.9675,0.0901600037098749,0.10767797600818282,1,0.6202,64,39.7
MNIST,784=>64=>32=>10,5,0.9727333333333333,0.9675,0.0901600037098749,0.10767797600818282,2,0.8053,32,25.77
MNIST,784=>64=>32=>10,5,0.9727333333333333,0.9675,0.0901600037098749,0.10767797600818282,3,0.2199,10,2.2
MNIST,784=>64=>32=>10,6,0.9762166666666666,0.9722,0.07828388925590145,0.09317507793990433,1,0.6005,64,38.43
MNIST,784=>64=>32=>10,6,0.9762166666666666,0.9722,0.07828388925590145,0.09317507793990433,2,0.8003,32,25.61
MNIST,784=>64=>32=>10,6,0.9762166666666666,0.9722,0.07828388925590145,0.09317507793990433,3,0.2155,10,2.16
MNIST,784=>64=>32=>10,7,0.9799,0.9719,0.06515609226730674,0.09681273555452787,1,0.5843,64,37.4
MNIST,784=>64=>32=>10,7,0.9799,0.9719,0.06515609226730674,0.09681273555452787,2,0.791,32,25.31
MNIST,784=>64=>32=>10,7,0.9799,0.9719,0.06515609226730674,0.09681273555452787,3,0.2149,10,2.15
MNIST,784=>64=>32=>10,8,0.9828666666666667,0.9715,0.05684705409206458,0.0997790428059054,1,0.5786,64,37.03
MNIST,784=>64=>32=>10,8,0.9828666666666667,0.9715,0.05684705409206458,0.0997790428059054,2,0.7852,32,25.13
MNIST,784=>64=>32=>10,8,0.9828666666666667,0.9715,0.05684705409206458,0.0997790428059054,3,0.209,10,2.09
MNIST,784=>64=>32=>10,9,0.9848833333333333,0.9719,0.04893514509824142,0.09363049702258383,1,0.5719,64,36.6
MNIST,784=>64=>32=>10,9,0.9848833333333333,0.9719,0.04893514509824142,0.09363049702258383,2,0.7804,32,24.97
MNIST,784=>64=>32=>10,9,0.9848833333333333,0.9719,0.04893514509824142,0.09363049702258383,3,0.2068,10,2.07
MNIST,784=>64=>32=>10,10,0.9861833333333333,0.9756,0.043469735565332214,0.08517103693981887,1,0.5634,64,36.06
MNIST,784=>64=>32=>10,10,0.9861833333333333,0.9756,0.043469735565332214,0.08517103693981887,2,0.7697,32,24.63
MNIST,784=>64=>32=>10,10,0.9861833333333333,0.9756,0.043469735565332214,0.08517103693981887,3,0.2063,10,2.06
MNIST,784=>64=>32=>10,11,0.9884166666666667,0.9732,0.037729619578001646,0.09554063247201243,1,0.557,64,35.65
MNIST,784=>64=>32=>10,11,0.9884166666666667,0.9732,0.037729619578001646,0.09554063247201243,2,0.7663,32,24.52
MNIST,784=>64=>32=>10,11,0.9884166666666667,0.9732,0.037729619578001646,0.09554063247201243,3,0.2015,10,2.02
MNIST,784=>64=>32=>10,12,0.9893166666666666,0.9737,0.03323881371991276,0.09457535193197743,1,0.5527,64,35.38
MNIST,784=>64=>32=>10,12,0.9893166666666666,0.9737,0.03323881371991276,0.09457535193197743,2,0.7639,32,24.45
MNIST,784=>64=>32=>10,12,0.9893166666666666,0.9737,0.03323881371991276,0.09457535193197743,3,0.1991,10,1.99
MNIST,784=>64=>32=>10,13,0.9905333333333334,0.9743,0.02937515490584255,0.09924184047933267,1,0.5519,64,35.32
MNIST,784=>64=>32=>10,13,0.9905333333333334,0.9743,0.02937515490584255,0.09924184047933267,2,0.7601,32,24.32
MNIST,784=>64=>32=>10,13,0.9905333333333334,0.9743,0.02937515490584255,0.09924184047933267,3,0.1952,10,1.95
MNIST,784=>64=>32=>10,14,0.9916666666666667,0.97,0.025816497101759,0.10868256492229737,1,0.5453,64,34.9
MNIST,784=>64=>32=>10,14,0.9916666666666667,0.97,0.025816497101759,0.10868256492229737,2,0.7544,32,24.14
MNIST,784=>64=>32=>10,14,0.9916666666666667,0.97,0.025816497101759,0.10868256492229737,3,0.1963,10,1.96
MNIST,784=>64=>32=>10,15,0.99265,0.9736,0.02306802557381828,0.10288049008714395,1,0.5441,64,34.82
MNIST,784=>64=>32=>10,15,0.99265,0.9736,0.02306802557381828,0.10288049008714395,2,0.756,32,24.19
MNIST,784=>64=>32=>10,15,0.99265,0.9736,0.02306802557381828,0.10288049008714395,3,0.1928,10,1.93
MNIST,784=>64=>32=>10,16,0.9934666666666667,0.9738,0.020448097621426055,0.1113843873858476,1,0.5376,64,34.41
MNIST,784=>64=>32=>10,16,0.9934666666666667,0.9738,0.020448097621426055,0.1113843873858476,2,0.7536,32,24.12
MNIST,784=>64=>32=>10,16,0.9934666666666667,0.9738,0.020448097621426055,0.1113843873858476,3,0.1905,10,1.91
MNIST,784=>64=>32=>10,17,0.99405,0.9716,0.018159246515510093,0.11827427845001827,1,0.5394,64,34.52
MNIST,784=>64=>32=>10,17,0.99405,0.9716,0.018159246515510093,0.11827427845001827,2,0.7585,32,24.27
MNIST,784=>64=>32=>10,17,0.99405,0.9716,0.018159246515510093,0.11827427845001827,3,0.1862,10,1.86
MNIST,784=>64=>32=>10,18,0.9947833333333334,0.9711,0.016343426366926414,0.12123248831667413,1,0.5328,64,34.1
MNIST,784=>64=>32=>10,18,0.9947833333333334,0.9711,0.016343426366926414,0.12123248831667413,2,0.7526,32,24.08
MNIST,784=>64=>32=>10,18,0.9947833333333334,0.9711,0.016343426366926414,0.12123248831667413,3,0.1861,10,1.86
MNIST,784=>64=>32=>10,19,0.9952333333333333,0.972,0.014997834827180511,0.11922602687327584,1,0.5234,64,33.5
MNIST,784=>64=>32=>10,19,0.9952333333333333,0.972,0.014997834827180511,0.11922602687327584,2,0.7493,32,23.98
MNIST,784=>64=>32=>10,19,0.9952333333333333,0.972,0.014997834827180511,0.11922602687327584,3,0.1862,10,1.86
MNIST,784=>64=>32=>10,20,0.9960833333333333,0.9737,0.013457055794140475,0.12308683557041662,1,0.5252,64,33.62
MNIST,784=>64=>32=>10,20,0.9960833333333333,0.9737,0.013457055794140475,0.12308683557041662,2,0.7474,32,23.92
MNIST,784=>64=>32=>10,20,0.9960833333333333,0.9737,0.013457055794140475,0.12308683557041662,3,0.1826,10,1.83
